{"text": " \u0417\u0434\u0440\u0430\u0432\u0441\u0442\u0432\u0443\u0439\u0442\u0435 \u0422\u0435\u043b\u0435\u0444\u043e\u043d \u0441\u043b\u043e\u043c\u0430\u043b\u0441\u044f \u041d\u0435 \u043f\u043e\u0439\u043c\u0443 \u043f\u043e \u043a\u0430\u043a\u043e\u0439 \u043f\u0440\u0438\u0447\u0438\u043d\u0435 \u041f\u043e\u0441\u0442\u0430\u0432\u0438\u043b \u043d\u0430 \u0437\u0430\u0440\u044f\u0434\u043a\u0443 \u0432 \u043c\u0430\u0448\u0438\u043d\u0435 \u0418 \u0432\u0441\u0435 \u041f\u043e\u0434\u043e\u0448\u0435\u043b \u043e\u043d \u0443\u0436\u0435 13 Pro \u041a\u0443\u0434\u0430 \u043f\u043e\u0434\u044a\u0435\u0445\u0430\u0442\u044c \u0427\u0442\u043e\u0431\u044b \u0433\u0434\u0435 \u043c\u0435\u043d\u044c\u0448\u0435 \u0437\u0430\u0433\u0440\u0443\u0436\u0435\u043d\u043d\u043e\u0441\u0442\u0438 \u0427\u0442\u043e\u0431\u044b \u044d\u0442\u043e \u041f\u043e \u0441\u043a\u043e\u0440\u043e\u0441\u0442\u0438 \u043f\u043e\u0441\u043c\u043e\u0442\u0440\u0435\u043b\u0438 \u0410\u043a\u043a\u0443\u0440\u0430\u0442\u043d\u043e \u0410\u043a\u043a\u0443\u0440\u0430\u0442\u043d\u043e \u0410\u043a\u043a\u0443\u0440\u0430\u0442\u043d\u043e \u0422\u0430\u043a \u0412\u0441\u0435 \u044f \u043f\u043e\u043d\u044f\u043b \u041f\u0440\u043e\u0441\u0442\u043e \u0442\u0430\u043c \u0431\u044b\u0432\u0430\u0435\u0442 \u0436\u0435 \u0443 \u0432\u0430\u0441 \u041a\u0443\u0434\u0430-\u0442\u043e \u0442\u0430\u043c \u0441\u043e\u0431\u0438\u0440\u0430\u044e\u0442\u0441\u044f \u0418 \u043a \u043c\u0430\u0441\u0442\u0435\u0440\u0430\u043c \u0432 \u043a\u0430\u043a\u043e\u0439-\u0442\u043e \u043e\u043f\u0440\u0435\u0434\u0435\u043b\u0435\u043d\u043d\u043e\u0439 \u043c\u0435\u0441\u0442\u043d\u043e\u0441\u0442\u0438 \u0410\u0433\u0430 \u0422\u0430\u043a \u0432\u043e\u0442 \u043d\u0430 \u041a\u0430\u043b\u0438\u043d\u0435 \u041d\u0430 \u041f\u043e\u0431\u0435\u0434\u044b \u0422\u0430\u043c \u043f\u043e-\u043c\u043e\u0435\u043c\u0443 \u043d\u043e\u0432\u044b\u0439 \u043c\u0430\u0433\u0430\u0437\u0438\u043d, \u0434\u0430? \u0412\u0441\u0451 \u041a\u043e\u0433\u0434\u0430 \u043f\u043e\u0435\u0445\u0430\u043b \u0442\u0443\u0434\u0430 \u0421\u043f\u0430\u0441\u0438\u0431\u043eos", "segments": [{"id": 0, "seek": 0, "start": 0.0, "end": 4.64, "text": " \u0417\u0434\u0440\u0430\u0432\u0441\u0442\u0432\u0443\u0439\u0442\u0435", "tokens": [50365, 17613, 36359, 50597], "temperature": 0.0, "avg_logprob": -0.28905397302964153, "compression_ratio": 1.3888888888888888, "no_speech_prob": 0.42082157731056213}, {"id": 1, "seek": 0, "start": 4.64, "end": 7.48, "text": " \u0422\u0435\u043b\u0435\u0444\u043e\u043d \u0441\u043b\u043e\u043c\u0430\u043b\u0441\u044f", "tokens": [50597, 3200, 1414, 23854, 1784, 4766, 1253, 13340, 50739], "temperature": 0.0, "avg_logprob": -0.28905397302964153, "compression_ratio": 1.3888888888888888, "no_speech_prob": 0.42082157731056213}, {"id": 2, "seek": 0, "start": 7.48, "end": 8.9, "text": " \u041d\u0435 \u043f\u043e\u0439\u043c\u0443 \u043f\u043e \u043a\u0430\u043a\u043e\u0439 \u043f\u0440\u0438\u0447\u0438\u043d\u0435", "tokens": [50739, 11512, 31671, 11147, 2801, 16898, 26472, 20998, 50810], "temperature": 0.0, "avg_logprob": -0.28905397302964153, "compression_ratio": 1.3888888888888888, "no_speech_prob": 0.42082157731056213}, {"id": 3, "seek": 0, "start": 8.9, "end": 10.4, "text": " \u041f\u043e\u0441\u0442\u0430\u0432\u0438\u043b \u043d\u0430 \u0437\u0430\u0440\u044f\u0434\u043a\u0443 \u0432 \u043c\u0430\u0448\u0438\u043d\u0435", "tokens": [50810, 12121, 6938, 2338, 1470, 17821, 12825, 4401, 740, 19820, 20998, 50885], "temperature": 0.0, "avg_logprob": -0.28905397302964153, "compression_ratio": 1.3888888888888888, "no_speech_prob": 0.42082157731056213}, {"id": 4, "seek": 0, "start": 10.4, "end": 11.540000000000001, "text": " \u0418 \u0432\u0441\u0435", "tokens": [50885, 3272, 4640, 50942], "temperature": 0.0, "avg_logprob": -0.28905397302964153, "compression_ratio": 1.3888888888888888, "no_speech_prob": 0.42082157731056213}, {"id": 5, "seek": 0, "start": 11.540000000000001, "end": 13.280000000000001, "text": " \u041f\u043e\u0434\u043e\u0448\u0435\u043b \u043e\u043d \u0443\u0436\u0435", "tokens": [50942, 23120, 6824, 1414, 5345, 7520, 51029], "temperature": 0.0, "avg_logprob": -0.28905397302964153, "compression_ratio": 1.3888888888888888, "no_speech_prob": 0.42082157731056213}, {"id": 6, "seek": 0, "start": 13.280000000000001, "end": 17.16, "text": " 13 Pro", "tokens": [51029, 3705, 1705, 51223], "temperature": 0.0, "avg_logprob": -0.28905397302964153, "compression_ratio": 1.3888888888888888, "no_speech_prob": 0.42082157731056213}, {"id": 7, "seek": 1716, "start": 17.16, "end": 30.12, "text": " \u041a\u0443\u0434\u0430 \u043f\u043e\u0434\u044a\u0435\u0445\u0430\u0442\u044c", "tokens": [50365, 3422, 12248, 4095, 8515, 8008, 2209, 51013], "temperature": 0.0, "avg_logprob": -0.3302694365035656, "compression_ratio": 1.5081967213114753, "no_speech_prob": 0.005301302298903465}, {"id": 8, "seek": 1716, "start": 30.12, "end": 31.58, "text": " \u0427\u0442\u043e\u0431\u044b \u0433\u0434\u0435 \u043c\u0435\u043d\u044c\u0448\u0435 \u0437\u0430\u0433\u0440\u0443\u0436\u0435\u043d\u043d\u043e\u0441\u0442\u0438", "tokens": [51013, 36026, 11418, 35115, 25770, 15449, 6855, 4756, 51086], "temperature": 0.0, "avg_logprob": -0.3302694365035656, "compression_ratio": 1.5081967213114753, "no_speech_prob": 0.005301302298903465}, {"id": 9, "seek": 1716, "start": 31.58, "end": 32.76, "text": " \u0427\u0442\u043e\u0431\u044b \u044d\u0442\u043e", "tokens": [51086, 36026, 2691, 51145], "temperature": 0.0, "avg_logprob": -0.3302694365035656, "compression_ratio": 1.5081967213114753, "no_speech_prob": 0.005301302298903465}, {"id": 10, "seek": 1716, "start": 32.76, "end": 35.019999999999996, "text": " \u041f\u043e \u0441\u043a\u043e\u0440\u043e\u0441\u0442\u0438 \u043f\u043e\u0441\u043c\u043e\u0442\u0440\u0435\u043b\u0438", "tokens": [51145, 12121, 17575, 28969, 19240, 8334, 51258], "temperature": 0.0, "avg_logprob": -0.3302694365035656, "compression_ratio": 1.5081967213114753, "no_speech_prob": 0.005301302298903465}, {"id": 11, "seek": 1716, "start": 46.56, "end": 47.120000000000005, "text": " \u0410\u043a\u043a\u0443\u0440\u0430\u0442\u043d\u043e", "tokens": [51835, 3450, 755, 4401, 11157, 1234, 51863], "temperature": 0.0, "avg_logprob": -0.3302694365035656, "compression_ratio": 1.5081967213114753, "no_speech_prob": 0.005301302298903465}, {"id": 12, "seek": 1716, "start": 47.120000000000005, "end": 47.14, "text": " \u0410\u043a\u043a\u0443\u0440\u0430\u0442\u043d\u043e", "tokens": [51863, 3450, 755, 4401, 11157, 1234, 51864], "temperature": 0.0, "avg_logprob": -0.3302694365035656, "compression_ratio": 1.5081967213114753, "no_speech_prob": 0.005301302298903465}, {"id": 13, "seek": 4716, "start": 47.16, "end": 49.16, "text": " \u0410\u043a\u043a\u0443\u0440\u0430\u0442\u043d\u043e", "tokens": [50365, 3450, 755, 4401, 11157, 1234, 50465], "temperature": 0.4, "avg_logprob": -0.592693911658393, "compression_ratio": 0.6206896551724138, "no_speech_prob": 0.022442234680056572}, {"id": 14, "seek": 4916, "start": 49.16, "end": 56.16, "text": " \u0422\u0430\u043a", "tokens": [50365, 8770, 50715], "temperature": 0.0, "avg_logprob": -0.2539177429981721, "compression_ratio": 1.6205128205128205, "no_speech_prob": 0.06357848644256592}, {"id": 15, "seek": 4916, "start": 56.16, "end": 57.519999999999996, "text": " \u0412\u0441\u0435 \u044f \u043f\u043e\u043d\u044f\u043b", "tokens": [50715, 18029, 2552, 37975, 50783], "temperature": 0.0, "avg_logprob": -0.2539177429981721, "compression_ratio": 1.6205128205128205, "no_speech_prob": 0.06357848644256592}, {"id": 16, "seek": 4916, "start": 57.519999999999996, "end": 59.14, "text": " \u041f\u0440\u043e\u0441\u0442\u043e \u0442\u0430\u043c \u0431\u044b\u0432\u0430\u0435\u0442 \u0436\u0435 \u0443 \u0432\u0430\u0441", "tokens": [50783, 34751, 8223, 48972, 6151, 1595, 10655, 50864], "temperature": 0.0, "avg_logprob": -0.2539177429981721,