{"text": " \u0437\u0434\u0440\u0430\u0432\u0441\u0442\u0432\u0443\u0439\u0442\u0435 \u043f\u043e\u0434\u0441\u043a\u0430\u0436\u0438\u0442\u0435 \u043f\u043e\u0436\u0430\u043b\u0443\u0439\u0441\u0442\u0430 \u043c\u043e\u0436\u0435\u0442\u0435 \u043c\u043d\u0435 \u0443\u0442\u043e\u0447\u043d\u0438\u0442\u044c \u0441\u0442\u043e\u0438\u043c\u043e\u0441\u0442\u044c iphone \u043d\u0443\u0436\u0435\u043d 15 promax 512 \u0433\u0438\u0433\u0430\u0431\u0430\u0439\u0442 \u043f\u0430\u043c\u044f\u0442\u0438 \u0446\u0432\u0435\u0442 \u0442\u0430\u043c \u043d\u0430\u0442\u0443\u0440\u0430\u043b\u044c\u043d\u044b\u0439 \u0442\u0438\u0442\u0430\u043d \u0432\u0441\u0435 \u043f\u043e\u043d\u044f\u0442\u043d\u043e \u0438 \u0446\u0435\u043d\u0430 \u043e\u0434\u0438\u043d\u0430\u043a\u043e\u0432\u043e 120 900 \u043f\u043e\u043d\u044f\u0442\u043d\u043e \u043d\u0443 \u043b\u0430\u0434\u043d\u043e \u0434\u0430\u0432\u0430\u0439\u0442\u0435 \u0442\u043e\u0433\u0434\u0430 \u044d\u0442\u043e \u0432\u044b \u0435\u0449\u0435 \u043d\u0435 \u0434\u043e \u0432\u043e\u0441\u044c\u043c\u0438 \u0440\u0430\u0431\u043e\u0442\u0435 \u0434\u0430 \u0432\u043e\u043e\u0431\u0449\u0435 \u0432\u0441\u0435 \u044f \u043f\u043e\u043d\u044f\u043b \u043b\u0430\u0434\u043d\u043e \u044f \u0442\u043e\u0433\u0434\u0430 \u043f\u043e\u0434\u0443\u043c\u0430\u044e \u043f\u0435\u0440\u0435\u0437\u0432\u043e\u043d\u044e \u0441\u043f\u0430\u0441\u0438\u0431\u043e", "segments": [{"id": 0, "seek": 0, "start": 0.0, "end": 7.86, "text": " \u0437\u0434\u0440\u0430\u0432\u0441\u0442\u0432\u0443\u0439\u0442\u0435 \u043f\u043e\u0434\u0441\u043a\u0430\u0436\u0438\u0442\u0435 \u043f\u043e\u0436\u0430\u043b\u0443\u0439\u0441\u0442\u0430 \u043c\u043e\u0436\u0435\u0442\u0435 \u043c\u043d\u0435 \u0443\u0442\u043e\u0447\u043d\u0438\u0442\u044c \u0441\u0442\u043e\u0438\u043c\u043e\u0441\u0442\u044c iphone", "tokens": [50365, 7608, 36359, 4095, 4218, 3234, 5878, 32518, 23578, 8531, 1595, 20483, 31087, 13552, 49514, 28501, 6487, 50758], "temperature": 0.0, "avg_logprob": -0.2904365539550781, "compression_ratio": 1.4181818181818182, "no_speech_prob": 0.26671019196510315}, {"id": 1, "seek": 0, "start": 7.86, "end": 17.7, "text": " \u043d\u0443\u0436\u0435\u043d 15 promax 512 \u0433\u0438\u0433\u0430\u0431\u0430\u0439\u0442 \u043f\u0430\u043c\u044f\u0442\u0438 \u0446\u0432\u0435\u0442 \u0442\u0430\u043c \u043d\u0430\u0442\u0443\u0440\u0430\u043b\u044c\u043d\u044b\u0439 \u0442\u0438\u0442\u0430\u043d", "tokens": [50758, 47867, 2119, 2234, 2797, 1025, 4762, 2342, 11294, 3771, 23055, 39164, 21689, 24937, 8223, 48290, 7489, 23393, 1069, 48809, 51250], "temperature": 0.0, "avg_logprob": -0.2904365539550781, "compression_ratio": 1.4181818181818182, "no_speech_prob": 0.26671019196510315}, {"id": 2, "seek": 3000, "start": 30.0, "end": 37.68, "text": " \u0432\u0441\u0435 \u043f\u043e\u043d\u044f\u0442\u043d\u043e \u0438 \u0446\u0435\u043d\u0430 \u043e\u0434\u0438\u043d\u0430\u043a\u043e\u0432\u043e 120 900", "tokens": [50365, 4640, 39718, 1006, 5188, 13362, 13319, 34119, 354, 10411, 22016, 50749], "temperature": 0.0, "avg_logprob": -0.46697308154816325, "compression_ratio": 1.7378048780487805, "no_speech_prob": 0.0016610283637419343}, {"id": 3, "seek": 3000, "start": 37.68, "end": 43.9, "text": " \u043f\u043e\u043d\u044f\u0442\u043d\u043e \u043d\u0443 \u043b\u0430\u0434\u043d\u043e \u0434\u0430\u0432\u0430\u0439\u0442\u0435 \u0442\u043e\u0433\u0434\u0430 \u044d\u0442\u043e \u0432\u044b \u0435\u0449\u0435 \u043d\u0435 \u0434\u043e \u0432\u043e\u0441\u044c\u043c\u0438 \u0440\u0430\u0431\u043e\u0442\u0435", "tokens": [50749, 39718, 13087, 44107, 30412, 21696, 2691, 2840, 9910, 1725, 5865, 740, 8049, 6293, 9197, 387, 51060], "temperature": 0.0, "avg_logprob": -0.46697308154816325, "compression_ratio": 1.7378048780487805, "no_speech_prob": 0.0016610283637419343}, {"id": 4, "seek": 3000, "start": 43.9, "end": 49.74, "text": " \u0434\u0430 \u0432\u043e\u043e\u0431\u0449\u0435 \u0432\u0441\u0435 \u044f \u043f\u043e\u043d\u044f\u043b \u043b\u0430\u0434\u043d\u043e \u044f \u0442\u043e\u0433\u0434\u0430 \u043f\u043e\u0434\u0443\u043c\u0430\u044e \u043f\u0435\u0440\u0435\u0437\u0432\u043e\u043d\u044e \u0441\u043f\u0430\u0441\u0438\u0431\u043e", "tokens": [51060, 8995, 14345, 4640, 2552, 37975, 44107, 2552, 21696, 38664, 3776, 4321, 3634, 39672, 1148, 37536, 51352], "temperature": 0.0, "avg_logprob": -0.46697308154816325, "compression_ratio": 1.7378048780487805, "no_speech_prob": 0.0016610283637419343}], "language": "Russian"}