{"text": " \u0414\u043e\u0431\u0440\u044b\u0439 \u0432\u0435\u0447\u0435\u0440. \u041d\u0430\u0442\u0443\u0440\u0430\u043b\u044c\u043d\u044b\u0445, \u043a \u0441\u043e\u0436\u0430\u043b\u0435\u043d\u0438\u044e, \u0441\u0435\u0439\u0447\u0430\u0441 \u0432 \u043d\u0430\u043b\u0438\u0447\u0438\u0438 \u043d\u0435\u0442, \u0430 \u0446\u0435\u043d\u0430 \u0430\u043a\u0442\u0443\u0430\u043b\u044c\u043d\u0430\u044f 127 900. \u0421\u043c\u043e\u0436\u0435\u043c \u0437\u0430\u0432\u0442\u0440\u0430 \u0437\u0430\u043f\u0440\u043e\u0441\u0438\u0442\u044c \u0438\u043d\u0444\u043e\u0440\u043c\u0430\u0446\u0438\u044e \u0443 \u043f\u043e\u0441\u0442\u0430\u0432\u0449\u0438\u043a\u0430 \u043d\u0430 \u043d\u0430\u043b\u0438\u0447\u0438\u0435 \u0434\u0430\u043d\u043d\u043e\u0433\u043e \u0443\u0441\u0442\u0440\u043e\u0439\u0441\u0442\u0432\u0430. \u0418 \u0435\u0441\u043b\u0438 \u0443 \u043d\u0435\u0433\u043e \u0435\u0441\u0442\u044c, \u0442\u043e \u0432 \u0441\u0440\u0435\u0434\u0443 \u043f\u0440\u0438\u0432\u0435\u0437\u0435\u043c. \u0421\u0435\u0439\u0447\u0430\u0441 \u0432 \u043d\u0430\u043b\u0438\u0447\u0438\u0438 \u0442\u043e\u043b\u044c\u043a\u043e \u0441\u0438\u043d\u0438\u0439 \u0438 \u0431\u0435\u043b\u044b\u0439 \u043e\u0441\u0442\u0430\u043b\u0438\u0441\u044c. \u0410, \u0438 \u0447\u0435\u0440\u043d\u044b\u0439 \u0435\u0449\u0435, \u043f\u0440\u043e\u0448\u0443 \u043f\u0440\u043e\u0449\u0435\u043d\u0438\u044f. \u0414\u0430, \u0446\u0435\u043d\u0430 \u043e\u0434\u0438\u043d\u0430\u043a\u043e\u0432\u0430\u044f \u043d\u0430 \u0432\u0441\u0435. \u0414\u0430, \u0432\u0441\u0435 \u0432\u0435\u0440\u043d\u043e. \u0425\u043e\u0440\u043e\u0448\u043e.", "segments": [{"id": 0, "seek": 0, "start": 0.48, "end": 1.32, "text": " \u0414\u043e\u0431\u0440\u044b\u0439 \u0432\u0435\u0447\u0435\u0440.", "tokens": [50389, 3401, 13829, 4851, 31943, 1135, 13, 50431], "temperature": 0.0, "avg_logprob": -0.1845109122140067, "compression_ratio": 1.6017316017316017, "no_speech_prob": 0.13264702260494232}, {"id": 1, "seek": 0, "start": 18.6, "end": 23.52, "text": " \u041d\u0430\u0442\u0443\u0440\u0430\u043b\u044c\u043d\u044b\u0445, \u043a \u0441\u043e\u0436\u0430\u043b\u0435\u043d\u0438\u044e, \u0441\u0435\u0439\u0447\u0430\u0441 \u0432 \u043d\u0430\u043b\u0438\u0447\u0438\u0438 \u043d\u0435\u0442, \u0430 \u0446\u0435\u043d\u0430 \u0430\u043a\u0442\u0443\u0430\u043b\u044c\u043d\u0430\u044f 127 900.", "tokens": [51295, 2410, 2134, 7489, 30834, 11, 981, 48018, 11, 10241, 740, 32750, 3903, 7347, 9916, 11, 2559, 5188, 13362, 13790, 13549, 32016, 47561, 22016, 13, 51541], "temperature": 0.0, "avg_logprob": -0.1845109122140067, "compression_ratio": 1.6017316017316017, "no_speech_prob": 0.13264702260494232}, {"id": 2, "seek": 0, "start": 23.92, "end": 27.94, "text": " \u0421\u043c\u043e\u0436\u0435\u043c \u0437\u0430\u0432\u0442\u0440\u0430 \u0437\u0430\u043f\u0440\u043e\u0441\u0438\u0442\u044c \u0438\u043d\u0444\u043e\u0440\u043c\u0430\u0446\u0438\u044e \u0443 \u043f\u043e\u0441\u0442\u0430\u0432\u0449\u0438\u043a\u0430 \u043d\u0430 \u043d\u0430\u043b\u0438\u0447\u0438\u0435 \u0434\u0430\u043d\u043d\u043e\u0433\u043e \u0443\u0441\u0442\u0440\u043e\u0439\u0441\u0442\u0432\u0430.", "tokens": [51561, 2933, 919, 2161, 1504, 13388, 37397, 10333, 9225, 3258, 29117, 28254, 1595, 28072, 2000, 17286, 1470, 32750, 3903, 5299, 19582, 4699, 48582, 12115, 13, 51762], "temperature": 0.0, "avg_logprob": -0.1845109122140067, "compression_ratio": 1.6017316017316017, "no_speech_prob": 0.13264702260494232}, {"id": 3, "seek": 0, "start": 28.26, "end": 29.92, "text": " \u0418 \u0435\u0441\u043b\u0438 \u0443 \u043d\u0435\u0433\u043e \u0435\u0441\u0442\u044c, \u0442\u043e \u0432 \u0441\u0440\u0435\u0434\u0443 \u043f\u0440\u0438\u0432\u0435\u0437\u0435\u043c.", "tokens": [51778, 3272, 8042, 1595, 15052, 5640, 11, 4572, 740, 20446, 585, 13398, 3634, 1504, 13, 51861], "temperature": 0.0, "avg_logprob": -0.1845109122140067, "compression_ratio": 1.6017316017316017, "no_speech_prob": 0.13264702260494232}, {"id": 4, "seek": 3000, "start": 30.32, "end": 32.54, "text": " \u0421\u0435\u0439\u0447\u0430\u0441 \u0432 \u043d\u0430\u043b\u0438\u0447\u0438\u0438 \u0442\u043e\u043b\u044c\u043a\u043e \u0441\u0438\u043d\u0438\u0439 \u0438 \u0431\u0435\u043b\u044b\u0439 \u043e\u0441\u0442\u0430\u043b\u0438\u0441\u044c.", "tokens": [50381, 23590, 740, 32750, 3903, 7347, 9008, 776, 435, 15199, 1006, 29430, 4851, 12574, 15020, 13, 50492], "temperature": 0.0, "avg_logprob": -0.17808415596945243, "compression_ratio": 1.5608108108108107, "no_speech_prob": 7.967289275256917e-05}, {"id": 5, "seek": 3000, "start": 33.34, "end": 34.76, "text": " \u0410, \u0438 \u0447\u0435\u0440\u043d\u044b\u0439 \u0435\u0449\u0435, \u043f\u0440\u043e\u0448\u0443 \u043f\u0440\u043e\u0449\u0435\u043d\u0438\u044f.", "tokens": [50532, 3450, 11, 1006, 12360, 4441, 9910, 11, 20567, 585, 4178, 2000, 5332, 13, 50603], "temperature": 0.0, "avg_logprob": -0.17808415596945243, "compression_ratio": 1.5608108108108107, "no_speech_prob": 7.967289275256917e-05}, {"id": 6, "seek": 3000, "start": 37.46, "end": 39.32, "text": " \u0414\u0430, \u0446\u0435\u043d\u0430 \u043e\u0434\u0438\u043d\u0430\u043a\u043e\u0432\u0430\u044f \u043d\u0430 \u0432\u0441\u0435.", "tokens": [50738, 9149, 11, 5188, 13362, 13319, 34119, 4251, 1470, 4640, 13, 50831], "temperature": 0.0, "avg_logprob": -0.17808415596945243, "compression_ratio": 1.5608108108108107, "no_speech_prob": 7.967289275256917e-05}, {"id": 7, "seek": 3000, "start": 44.42, "end": 45.5, "text": " \u0414\u0430, \u0432\u0441\u0435 \u0432\u0435\u0440\u043d\u043e.", "tokens": [51086, 9149, 11, 4640, 10544, 1234, 13, 51140], "temperature": 0.0, "avg_logprob": -0.17808415596945243, "compression_ratio": 1.5608108108108107, "no_speech_prob": 7.967289275256917e-05}, {"id": 8, "seek": 3000, "start": 49.879999999999995, "end": 50.400000000000006, "text": " \u0425\u043e\u0440\u043e\u0448\u043e.", "tokens": [51359, 37564, 13, 51385], "temperature": 0.0, "avg_logprob": -0.17808415596945243, "compression_ratio": 1.5608108108108107, "no_speech_prob": 7.967289275256917e-05}], "language": "Russian"}