{"text": " \u0414\u043e\u0431\u0440\u044b\u0439 \u0434\u0435\u043d\u044c, \u043c\u0430\u0433\u0430\u0437\u0438\u043d IceCase. \u041c\u0435\u043d\u044f \u0437\u043e\u0432\u0443\u0442 \u0410\u043b\u0435\u043a\u0441\u0430\u043d\u0434\u0440. \u0427\u0435\u043c \u043c\u043e\u0433\u0443 \u043f\u043e\u043c\u043e\u0447\u044c? \u0422\u0430\u043a, \u043d\u0430 \u043e\u0434\u043d\u0443 \u043c\u0438\u043d\u0443\u0442\u0443. \u0414\u0430. \u0422\u0430\u043a, \u0432\u0435\u0440\u0445\u043d\u0438\u0439 \u0434\u0438\u043d\u0430\u043c\u0438\u043a \u0441\u0431\u043e\u0440 \u0441\u043e \u0448\u043b\u0435\u0439\u0444\u043e\u043c, \u0434\u0430\u0442\u0447\u0438\u043a\u043e\u043c \u043f\u0440\u0438\u0431\u043b\u0438\u0436\u0435\u043d\u0438\u044f. \u0414\u0430, \u0435\u0441\u0442\u044c \u043d\u0430\u043b\u0438\u0447\u0438\u0435, \u0446\u0435\u043d\u0430 500 \u0440\u0443\u0431\u043b\u0435\u0439. \u041d\u0430 \u0421\u0430\u043c\u0430\u0440\u0441\u043a \u0442\u043e\u0436\u0435 \u0435\u0441\u0442\u044c, \u0434\u0430, \u043c\u043e\u0436\u0435\u0442\u0435 \u0442\u0443\u0434\u0430 \u043e\u0431\u0440\u0430\u0442\u0438\u0442\u044c\u0441\u044f. \u0414\u0430, \u0434\u043e \u0441\u0432\u0438\u0434\u0430\u043d\u0438\u044f.", "segments": [{"id": 0, "seek": 0, "start": 0.0, "end": 2.5, "text": " \u0414\u043e\u0431\u0440\u044b\u0439 \u0434\u0435\u043d\u044c, \u043c\u0430\u0433\u0430\u0437\u0438\u043d IceCase. \u041c\u0435\u043d\u044f \u0437\u043e\u0432\u0443\u0442 \u0410\u043b\u0435\u043a\u0441\u0430\u043d\u0434\u0440. \u0427\u0435\u043c \u043c\u043e\u0433\u0443 \u043f\u043e\u043c\u043e\u0447\u044c?", "tokens": [50365, 3401, 13829, 4851, 13509, 11, 39771, 2599, 15332, 34, 651, 13, 47311, 46376, 44938, 481, 13, 7099, 1504, 22951, 8613, 27497, 30, 50490], "temperature": 0.0, "avg_logprob": -0.25063744074181665, "compression_ratio": 1.4639639639639639, "no_speech_prob": 0.03674319386482239}, {"id": 1, "seek": 0, "start": 16.18, "end": 18.42, "text": " \u0422\u0430\u043a, \u043d\u0430 \u043e\u0434\u043d\u0443 \u043c\u0438\u043d\u0443\u0442\u0443.", "tokens": [51174, 8770, 11, 1470, 37885, 24498, 585, 13, 51286], "temperature": 0.0, "avg_logprob": -0.25063744074181665, "compression_ratio": 1.4639639639639639, "no_speech_prob": 0.03674319386482239}, {"id": 2, "seek": 0, "start": 20.7, "end": 20.94, "text": " \u0414\u0430.", "tokens": [51400, 9149, 13, 51412], "temperature": 0.0, "avg_logprob": -0.25063744074181665, "compression_ratio": 1.4639639639639639, "no_speech_prob": 0.03674319386482239}, {"id": 3, "seek": 0, "start": 23.88, "end": 26.94, "text": " \u0422\u0430\u043a, \u0432\u0435\u0440\u0445\u043d\u0438\u0439 \u0434\u0438\u043d\u0430\u043c\u0438\u043a \u0441\u0431\u043e\u0440 \u0441\u043e \u0448\u043b\u0435\u0439\u0444\u043e\u043c, \u0434\u0430\u0442\u0447\u0438\u043a\u043e\u043c \u043f\u0440\u0438\u0431\u043b\u0438\u0436\u0435\u043d\u0438\u044f.", "tokens": [51559, 8770, 11, 47758, 15199, 1070, 2599, 1685, 3605, 29014, 1717, 7425, 5941, 24698, 3619, 1253, 11, 1070, 2134, 19536, 1253, 31436, 1675, 1820, 5332, 13, 51712], "temperature": 0.0, "avg_logprob": -0.25063744074181665, "compression_ratio": 1.4639639639639639, "no_speech_prob": 0.03674319386482239}, {"id": 4, "seek": 0, "start": 27.18, "end": 29.14, "text": " \u0414\u0430, \u0435\u0441\u0442\u044c \u043d\u0430\u043b\u0438\u0447\u0438\u0435, \u0446\u0435\u043d\u0430 500 \u0440\u0443\u0431\u043b\u0435\u0439.", "tokens": [51724, 9149, 11, 5640, 32750, 3903, 5299, 11, 5188, 13362, 5923, 40851, 13, 51822], "temperature": 0.0, "avg_logprob": -0.25063744074181665, "compression_ratio": 1.4639639639639639, "no_speech_prob": 0.03674319386482239}, {"id": 5, "seek": 3000, "start": 30.0, "end": 34.64, "text": " \u041d\u0430 \u0421\u0430\u043c\u0430\u0440\u0441\u043a \u0442\u043e\u0436\u0435 \u0435\u0441\u0442\u044c, \u0434\u0430, \u043c\u043e\u0436\u0435\u0442\u0435 \u0442\u0443\u0434\u0430 \u043e\u0431\u0440\u0430\u0442\u0438\u0442\u044c\u0441\u044f.", "tokens": [50365, 11245, 31152, 2222, 4218, 12251, 5640, 11, 8995, 11, 23578, 30433, 29851, 12306, 13, 50597], "temperature": 0.0, "avg_logprob": -0.2102372169494629, "compression_ratio": 1.21875, "no_speech_prob": 0.0007495111203752458}, {"id": 6, "seek": 3000, "start": 36.76, "end": 37.68, "text": " \u0414\u0430, \u0434\u043e \u0441\u0432\u0438\u0434\u0430\u043d\u0438\u044f.", "tokens": [50703, 9149, 11, 5865, 43666, 8831, 13, 50749], "temperature": 0.0, "avg_logprob": -0.2102372169494629, "compression_ratio": 1.21875, "no_speech_prob": 0.0007495111203752458}], "language": "Russian"}