{"text": " \u0417\u0434\u0440\u0430\u0432\u0441\u0442\u0432\u0443\u0439\u0442\u0435, \u043f\u043e\u0434\u0441\u043a\u0430\u0436\u0438\u0442\u0435, \u043f\u043e\u0436\u0430\u043b\u0443\u0439\u0441\u0442\u0430, \u0443 \u0432\u0430\u0441 \u0448\u043b\u0435\u0439\u0444 \u043d\u0430 iPhone X, \u0432\u0435\u0440\u0445\u043d\u0438\u0439, \u0442\u0430\u043c \u0434\u0430\u0442\u0447\u0438\u043a \u0441\u0432\u0435\u0442\u0430, \u043c\u0438\u043a\u0440\u043e\u0444\u043e\u043d \u0442\u0430\u043a\u043e\u0439 \u0432\u043e\u0442 \u0438\u0434\u0435\u0442. \u041f\u043e\u0434\u0441\u043a\u0430\u0436\u0438\u0442\u0435, \u0435\u0441\u0442\u044c \u0432 \u043d\u0430\u043b\u0438\u0447\u0438\u0438? \u0412\u043e\u0442, \u0441\u0442\u043e\u043f, \u0434\u0430. \u0410 \u0432\u044b \u0436\u0435 \u0434\u043e \u0432\u043e\u0441\u044c\u043c\u0438 \u0436\u0435, \u0434\u0430? \u0423\u0433\u0443, \u043f\u043e\u0441\u043c\u043e\u0442\u0440\u0438\u0442\u0435, \u043f\u043e\u0436\u0430\u043b\u0443\u0439\u0441\u0442\u0430. \u0414\u0430. \u0410\u0433\u0430, \u044f \u043d\u0430 \u0421\u0430\u043c\u0430\u0440\u0441\u043a\u043e\u0439, \u0434\u0430? \u0414\u0430, \u0441\u043f\u0430\u0441\u0438\u0431\u043e, \u0441\u0435\u0439\u0447\u0430\u0441, \u0435\u0441\u043b\u0438 \u0447\u0442\u043e, \u043f\u0440\u043e\u0431\u0435\u0433\u0443, \u0441\u043f\u0430\u0441\u0438\u0431\u043e \u043e\u0433\u0440\u043e\u043c\u043d\u043e\u0435.", "segments": [{"id": 0, "seek": 0, "start": 0.0, "end": 7.5200000000000005, "text": " \u0417\u0434\u0440\u0430\u0432\u0441\u0442\u0432\u0443\u0439\u0442\u0435, \u043f\u043e\u0434\u0441\u043a\u0430\u0436\u0438\u0442\u0435, \u043f\u043e\u0436\u0430\u043b\u0443\u0439\u0441\u0442\u0430, \u0443 \u0432\u0430\u0441 \u0448\u043b\u0435\u0439\u0444 \u043d\u0430 iPhone X, \u0432\u0435\u0440\u0445\u043d\u0438\u0439,", "tokens": [50365, 17613, 36359, 11, 4095, 4218, 3234, 5878, 11, 32518, 11, 1595, 10655, 5941, 24698, 3619, 1470, 7252, 1783, 11, 47758, 15199, 11, 50741], "temperature": 0.0, "avg_logprob": -0.3690323882050567, "compression_ratio": 1.7188940092165899, "no_speech_prob": 0.8796834945678711}, {"id": 1, "seek": 0, "start": 7.94, "end": 11.08, "text": " \u0442\u0430\u043c \u0434\u0430\u0442\u0447\u0438\u043a \u0441\u0432\u0435\u0442\u0430, \u043c\u0438\u043a\u0440\u043e\u0444\u043e\u043d \u0442\u0430\u043a\u043e\u0439 \u0432\u043e\u0442 \u0438\u0434\u0435\u0442.", "tokens": [50762, 8223, 1070, 2134, 19536, 4155, 20513, 11, 43712, 9938, 3619, 1784, 13452, 5505, 40029, 13, 50919], "temperature": 0.0, "avg_logprob": -0.3690323882050567, "compression_ratio": 1.7188940092165899, "no_speech_prob": 0.8796834945678711}, {"id": 2, "seek": 0, "start": 11.28, "end": 12.34, "text": " \u041f\u043e\u0434\u0441\u043a\u0430\u0436\u0438\u0442\u0435, \u0435\u0441\u0442\u044c \u0432 \u043d\u0430\u043b\u0438\u0447\u0438\u0438?", "tokens": [50929, 23120, 4218, 3234, 5878, 11, 5640, 740, 32750, 3903, 7347, 30, 50982], "temperature": 0.0, "avg_logprob": -0.3690323882050567, "compression_ratio": 1.7188940092165899, "no_speech_prob": 0.8796834945678711}, {"id": 3, "seek": 0, "start": 13.36, "end": 13.84, "text": " \u0412\u043e\u0442, \u0441\u0442\u043e\u043f, \u0434\u0430.", "tokens": [51033, 9756, 11, 3266, 3762, 11, 8995, 13, 51057], "temperature": 0.0, "avg_logprob": -0.3690323882050567, "compression_ratio": 1.7188940092165899, "no_speech_prob": 0.8796834945678711}, {"id": 4, "seek": 0, "start": 17.740000000000002, "end": 20.04, "text": " \u0410 \u0432\u044b \u0436\u0435 \u0434\u043e \u0432\u043e\u0441\u044c\u043c\u0438 \u0436\u0435, \u0434\u0430?", "tokens": [51252, 3450, 2840, 6151, 5865, 740, 8049, 6293, 6151, 11, 8995, 30, 51367], "temperature": 0.0, "avg_logprob": -0.3690323882050567, "compression_ratio": 1.7188940092165899, "no_speech_prob": 0.8796834945678711}, {"id": 5, "seek": 0, "start": 22.080000000000002, "end": 23.38, "text": " \u0423\u0433\u0443, \u043f\u043e\u0441\u043c\u043e\u0442\u0440\u0438\u0442\u0435, \u043f\u043e\u0436\u0430\u043b\u0443\u0439\u0441\u0442\u0430.", "tokens": [51469, 6523, 28264, 11, 19240, 5878, 11, 32518, 13, 51534], "temperature": 0.0, "avg_logprob": -0.3690323882050567, "compression_ratio": 1.7188940092165899, "no_speech_prob": 0.8796834945678711}, {"id": 6, "seek": 0, "start": 28.580000000000002, "end": 29.060000000000002, "text": " \u0414\u0430.", "tokens": [51794, 9149, 13, 51818], "temperature": 0.0, "avg_logprob": -0.3690323882050567, "compression_ratio": 1.7188940092165899, "no_speech_prob": 0.8796834945678711}, {"id": 7, "seek": 3000, "start": 30.0, "end": 31.78, "text": " \u0410\u0433\u0430, \u044f \u043d\u0430 \u0421\u0430\u043c\u0430\u0440\u0441\u043a\u043e\u0439, \u0434\u0430?", "tokens": [50365, 3450, 18706, 11, 2552, 1470, 31152, 2222, 17360, 11, 8995, 30, 50454], "temperature": 0.0, "avg_logprob": -0.3285139546249852, "compression_ratio": 1.3364485981308412, "no_speech_prob": 0.005819127894937992}, {"id": 8, "seek": 3000, "start": 35.16, "end": 38.2, "text": " \u0414\u0430, \u0441\u043f\u0430\u0441\u0438\u0431\u043e, \u0441\u0435\u0439\u0447\u0430\u0441, \u0435\u0441\u043b\u0438 \u0447\u0442\u043e, \u043f\u0440\u043e\u0431\u0435\u0433\u0443, \u0441\u043f\u0430\u0441\u0438\u0431\u043e \u043e\u0433\u0440\u043e\u043c\u043d\u043e\u0435.", "tokens": [50623, 9149, 11, 37536, 11, 10241, 11, 8042, 2143, 11, 15122, 4953, 585, 11, 37536, 28107, 6126, 13, 50775], "temperature": 0.0, "avg_logprob": -0.3285139546249852, "compression_ratio": 1.3364485981308412, "no_speech_prob": 0.005819127894937992}], "language": "Russian"}