{"text": " \u0414\u043e\u0431\u0440\u044b\u0439 \u0434\u0435\u043d\u044c, \u0441\u043a\u0430\u0436\u0438\u0442\u0435, \u043f\u043e\u0436\u0430\u043b\u0443\u0439\u0441\u0442\u0430, \u0432 \u043d\u0430\u043b\u0438\u0447\u0438\u0438 \u0435\u0441\u0442\u044c \u043d\u0430 512, \u043d\u0430 1 \u0442\u0435\u0440\u0430\u0431\u0430\u0439\u0442, 512, \u043a\u0430\u043a \u043e\u043d, \u043f\u0440\u043e\u043c\u0430\u043a\u0441? \u041d\u0443, \u043b\u0438\u0431\u043e \u043d\u0430\u0442\u0443\u0440\u0430\u043b\u044c\u043d\u044b\u0439, \u043b\u0438\u0431\u043e \u0447\u0435\u0440\u043d\u044b\u0439. \u0422\u0430\u043a. \u0421\u043a\u043e\u043b\u044c\u043a\u043e, \u0433\u043e\u0432\u043e\u0440\u0438\u0442\u0435, \u043d\u0430 512 \u0441\u0442\u043e\u0438\u0442? \u0422\u0430\u043a, \u0430 \u043d\u0430 \u0441\u0430\u0439\u0442\u0435 \u0443 \u0432\u0430\u0441 \u0434\u0440\u0443\u0433\u0430\u044f \u0446\u0435\u043d\u0430. \u0412\u044b \u0447\u0442\u043e, \u043d\u0435 \u043f\u043e\u0434\u043e\u0440\u043e\u0436\u0430\u043b\u0438, \u0447\u0442\u043e \u043b\u0438? \u042f \u043f\u043e\u043d\u044f\u043b. \u041b\u0430\u0434\u043d\u043e, \u0441\u043f\u0430\u0441\u0438\u0431\u043e.", "segments": [{"id": 0, "seek": 0, "start": 0.0, "end": 12.280000000000001, "text": " \u0414\u043e\u0431\u0440\u044b\u0439 \u0434\u0435\u043d\u044c, \u0441\u043a\u0430\u0436\u0438\u0442\u0435, \u043f\u043e\u0436\u0430\u043b\u0443\u0439\u0441\u0442\u0430, \u0432 \u043d\u0430\u043b\u0438\u0447\u0438\u0438 \u0435\u0441\u0442\u044c \u043d\u0430 512, \u043d\u0430 1 \u0442\u0435\u0440\u0430\u0431\u0430\u0439\u0442, 512, \u043a\u0430\u043a \u043e\u043d, \u043f\u0440\u043e\u043c\u0430\u043a\u0441?", "tokens": [50365, 3401, 13829, 4851, 13509, 11, 21938, 5878, 11, 32518, 11, 740, 32750, 3903, 7347, 5640, 1470, 1025, 4762, 11, 1470, 502, 21168, 3771, 23055, 11, 1025, 4762, 11, 3014, 5345, 11, 42988, 23289, 30, 50979], "temperature": 0.0, "avg_logprob": -0.2968452835083008, "compression_ratio": 1.4630872483221478, "no_speech_prob": 0.18362277746200562}, {"id": 1, "seek": 0, "start": 16.9, "end": 18.76, "text": " \u041d\u0443, \u043b\u0438\u0431\u043e \u043d\u0430\u0442\u0443\u0440\u0430\u043b\u044c\u043d\u044b\u0439, \u043b\u0438\u0431\u043e \u0447\u0435\u0440\u043d\u044b\u0439.", "tokens": [51210, 7571, 11, 31100, 48290, 7489, 23393, 11, 31100, 12360, 4441, 13, 51303], "temperature": 0.0, "avg_logprob": -0.2968452835083008, "compression_ratio": 1.4630872483221478, "no_speech_prob": 0.18362277746200562}, {"id": 2, "seek": 3000, "start": 30.0, "end": 41.42, "text": " \u0422\u0430\u043a. \u0421\u043a\u043e\u043b\u044c\u043a\u043e, \u0433\u043e\u0432\u043e\u0440\u0438\u0442\u0435, \u043d\u0430 512 \u0441\u0442\u043e\u0438\u0442?", "tokens": [50365, 8770, 13, 22965, 5737, 11, 8180, 5878, 11, 1470, 1025, 4762, 23675, 30, 50936], "temperature": 0.0, "avg_logprob": -0.2684309005737305, "compression_ratio": 1.3461538461538463, "no_speech_prob": 0.0010484480299055576}, {"id": 3, "seek": 3000, "start": 45.84, "end": 48.84, "text": " \u0422\u0430\u043a, \u0430 \u043d\u0430 \u0441\u0430\u0439\u0442\u0435 \u0443 \u0432\u0430\u0441 \u0434\u0440\u0443\u0433\u0430\u044f \u0446\u0435\u043d\u0430.", "tokens": [51157, 8770, 11, 2559, 1470, 776, 10330, 1595, 10655, 8435, 4251, 5188, 13362, 13, 51307], "temperature": 0.0, "avg_logprob": -0.2684309005737305, "compression_ratio": 1.3461538461538463, "no_speech_prob": 0.0010484480299055576}, {"id": 4, "seek": 3000, "start": 56.56, "end": 58.16, "text": " \u0412\u044b \u0447\u0442\u043e, \u043d\u0435 \u043f\u043e\u0434\u043e\u0440\u043e\u0436\u0430\u043b\u0438, \u0447\u0442\u043e \u043b\u0438?", "tokens": [51693, 11886, 2143, 11, 1725, 4095, 1717, 2161, 4071, 11, 2143, 7444, 30, 51773], "temperature": 0.0, "avg_logprob": -0.2684309005737305, "compression_ratio": 1.3461538461538463, "no_speech_prob": 0.0010484480299055576}, {"id": 5, "seek": 6000, "start": 60.0, "end": 68.94, "text": " \u042f \u043f\u043e\u043d\u044f\u043b. \u041b\u0430\u0434\u043d\u043e, \u0441\u043f\u0430\u0441\u0438\u0431\u043e.", "tokens": [50365, 4857, 37975, 13, 7853, 27225, 11, 37536, 13, 50812], "temperature": 0.0, "avg_logprob": -0.33291931585832074, "compression_ratio": 0.8235294117647058, "no_speech_prob": 0.0002551380603108555}], "language": "Russian"}