{"text": " \u0430\u043b\u0435\u043a\u0441\u0430\u043d\u0434\u0440 \u0437\u0434\u0440\u0430\u0432\u0441\u0442\u0432\u0443\u0439\u0442\u0435 \u043f\u043e\u0434\u0441\u043a\u0430\u0436\u0438\u0442\u0435 \u0441\u043a\u043e\u043b\u044c\u043a\u043e \u0443 \u0432\u0430\u0441 \u0441\u0442\u043e\u0438\u0442 \u0437\u0430\u043c\u0435\u043d\u0438\u0442\u044c \u0430\u043a\u043a\u0443\u043c\u0443\u043b\u044f\u0442\u043e\u0440 \u0438 \u0440\u0430\u0437\u044a\u0435\u043c \u043f\u0438\u0442\u0430\u043d\u0438\u044f \u0443 7 \u043f\u043b\u044e\u0441 \u0442\u0430\u043a \u0430 \u0441\u043a\u043e\u043b\u044c\u043a\u043e \u0432\u0440\u0435\u043c\u0435\u043d\u0438 \u044d\u0442\u043e \u0431\u0443\u0434\u0435\u0442 \u0434\u0435\u043b\u0430\u0442\u044c\u0441\u044f \u0442\u0430\u043a \u0430 \u0430 \u0432 \u043d\u0430\u043b\u0438\u0447\u0438\u0438 \u044d\u0442\u0438 \u0437\u0430\u043f\u0447\u0430\u0441\u0442\u0438 \u0435\u0441\u0442\u044c \u0434\u0430 \u0445\u043e\u0440\u043e\u0448\u043e \u0441\u043f\u0430\u0441\u0438\u0431\u043e \u0432\u0441\u0435\u0433\u043e \u0434\u043e\u0431\u0440\u043e\u0433\u043e \u0434\u043e \u0441\u0432\u0438\u0434\u0430\u043d\u0438\u044f", "segments": [{"id": 0, "seek": 0, "start": 0.0, "end": 10.86, "text": " \u0430\u043b\u0435\u043a\u0441\u0430\u043d\u0434\u0440 \u0437\u0434\u0440\u0430\u0432\u0441\u0442\u0432\u0443\u0439\u0442\u0435 \u043f\u043e\u0434\u0441\u043a\u0430\u0436\u0438\u0442\u0435 \u0441\u043a\u043e\u043b\u044c\u043a\u043e \u0443 \u0432\u0430\u0441 \u0441\u0442\u043e\u0438\u0442 \u0437\u0430\u043c\u0435\u043d\u0438\u0442\u044c \u0430\u043a\u043a\u0443\u043c\u0443\u043b\u044f\u0442\u043e\u0440 \u0438 \u0440\u0430\u0437\u044a\u0435\u043c \u043f\u0438\u0442\u0430\u043d\u0438\u044f \u0443 7 \u043f\u043b\u044e\u0441", "tokens": [50365, 2559, 24065, 12551, 481, 7608, 36359, 4095, 4218, 3234, 5878, 28838, 1595, 10655, 23675, 13597, 44436, 49381, 11147, 2873, 2542, 1006, 4203, 8515, 1504, 33615, 8831, 1595, 1614, 43342, 50908], "temperature": 0.0, "avg_logprob": -0.134334996342659, "compression_ratio": 1.5040650406504066, "no_speech_prob": 0.07677117735147476}, {"id": 1, "seek": 3000, "start": 30.0, "end": 36.02, "text": " \u0442\u0430\u043a \u0430 \u0441\u043a\u043e\u043b\u044c\u043a\u043e \u0432\u0440\u0435\u043c\u0435\u043d\u0438 \u044d\u0442\u043e \u0431\u0443\u0434\u0435\u0442 \u0434\u0435\u043b\u0430\u0442\u044c\u0441\u044f", "tokens": [50365, 2936, 2559, 28838, 26436, 2691, 7306, 6649, 8525, 50666], "temperature": 0.0, "avg_logprob": -0.24280030799634528, "compression_ratio": 1.5390625, "no_speech_prob": 0.0016482981154695153}, {"id": 2, "seek": 3000, "start": 36.02, "end": 55.379999999999995, "text": " \u0442\u0430\u043a \u0430 \u0430 \u0432 \u043d\u0430\u043b\u0438\u0447\u0438\u0438 \u044d\u0442\u0438 \u0437\u0430\u043f\u0447\u0430\u0441\u0442\u0438 \u0435\u0441\u0442\u044c \u0434\u0430", "tokens": [50666, 2936, 2559, 2559, 740, 32750, 3903, 7347, 11012, 10333, 753, 36245, 5640, 8995, 51634], "temperature": 0.0, "avg_logprob": -0.24280030799634528, "compression_ratio": 1.5390625, "no_speech_prob": 0.0016482981154695153}, {"id": 3, "seek": 3000, "start": 55.379999999999995, "end": 59.7, "text": " \u0445\u043e\u0440\u043e\u0448\u043e \u0441\u043f\u0430\u0441\u0438\u0431\u043e \u0432\u0441\u0435\u0433\u043e \u0434\u043e\u0431\u0440\u043e\u0433\u043e", "tokens": [51634, 16977, 37536, 15520, 35620, 2350, 51850], "temperature": 0.0, "avg_logprob": -0.24280030799634528, "compression_ratio": 1.5390625, "no_speech_prob": 0.0016482981154695153}, {"id": 4, "seek": 6000, "start": 60.0, "end": 62.34, "text": " \u0434\u043e \u0441\u0432\u0438\u0434\u0430\u043d\u0438\u044f", "tokens": [50365, 5865, 43666, 8831, 50482], "temperature": 0.0, "avg_logprob": -0.7074318726857504, "compression_ratio": 0.65625, "no_speech_prob": 0.018923038616776466}], "language": "Russian"}