{"text": " \u0417\u0434\u0440\u0430\u0432\u0441\u0442\u0432\u0443\u0439\u0442\u0435. \u0423 \u043c\u0435\u043d\u044f \u0442\u0430\u043a\u0430\u044f \u0441\u0438\u0442\u0443\u0430\u0446\u0438\u044f. \u042f \u043f\u043e\u043a\u0443\u043f\u0430\u043b\u0430 \u0443 \u0432\u0430\u0441 Mac \u043d\u0430 \u041a\u0430\u0440\u043b\u0430 \u041c\u0430\u0440\u043a\u0441\u0430, \u043e\u0442\u0434\u0430\u0432\u0430\u043b\u0430 \u0435\u0433\u043e \u043f\u043e \u0433\u0430\u0440\u0430\u043d\u0442\u0438\u0438 \u043d\u0430... \u041e\u043d\u0438 \u0433\u043e\u0432\u043e\u0440\u0438\u043b\u0438, \u0447\u0442\u043e \u043e\u043d\u0438 \u0431\u0443\u0434\u0443\u0442 \u043e\u0442\u043f\u0440\u0430\u0432\u043b\u044f\u0442\u044c \u0432 \u0441\u0435\u0440\u0432\u0438\u0441\u043d\u044b\u0439 \u0446\u0435\u043d\u0442\u0440. \u0421\u043a\u0430\u0437\u0430\u043b\u0438, \u0447\u0442\u043e 45 \u0434\u043d\u0435\u0439, \u0447\u0435\u0440\u0435\u0437 45 \u0434\u043d\u0435\u0439, \u0435\u0441\u043b\u0438 \u043d\u0435 \u0432\u0435\u0440\u043d\u0443\u0442\u0441\u044f, \u043f\u043e\u0437\u0432\u043e\u043d\u0438\u0442\u0435. \u0412\u043e\u0442, 45 \u0434\u043d\u0435\u0439 \u0441\u0435\u0433\u043e\u0434\u043d\u044f \u0438\u0441\u0442\u0435\u043a\u043b\u043e. \u041a\u0430\u0440\u043b\u0430 \u041c\u0430\u0440\u043a\u0441\u0430. \u0411\u043e\u043b\u044c\u0448\u043e\u0435 \u0441\u043f\u0430\u0441\u0438\u0431\u043e. \u0414\u043e \u0441\u0432\u0438\u0434\u0430\u043d\u0438\u044f. \u041f\u0440\u043e\u0434\u043e\u043b\u0436\u0435\u043d\u0438\u0435 \u0441\u043b\u0435\u0434\u0443\u0435\u0442...", "segments": [{"id": 0, "seek": 0, "start": 0.0, "end": 5.0, "text": " \u0417\u0434\u0440\u0430\u0432\u0441\u0442\u0432\u0443\u0439\u0442\u0435. \u0423 \u043c\u0435\u043d\u044f \u0442\u0430\u043a\u0430\u044f \u0441\u0438\u0442\u0443\u0430\u0446\u0438\u044f.", "tokens": [50365, 17613, 36359, 13, 6523, 6885, 22075, 27840, 21235, 13, 50615], "temperature": 0.0, "avg_logprob": -0.22687845148591915, "compression_ratio": 1.7939189189189189, "no_speech_prob": 0.16791780292987823}, {"id": 1, "seek": 0, "start": 5.26, "end": 6.78, "text": " \u042f \u043f\u043e\u043a\u0443\u043f\u0430\u043b\u0430 \u0443 \u0432\u0430\u0441", "tokens": [50628, 4857, 34005, 6232, 1595, 10655, 50704], "temperature": 0.0, "avg_logprob": -0.22687845148591915, "compression_ratio": 1.7939189189189189, "no_speech_prob": 0.16791780292987823}, {"id": 2, "seek": 0, "start": 6.78, "end": 8.700000000000001, "text": " Mac \u043d\u0430 \u041a\u0430\u0440\u043b\u0430 \u041c\u0430\u0440\u043a\u0441\u0430, \u043e\u0442\u0434\u0430\u0432\u0430\u043b\u0430", "tokens": [50704, 5707, 1470, 43923, 4989, 26182, 755, 22568, 11, 22243, 1828, 6232, 50800], "temperature": 0.0, "avg_logprob": -0.22687845148591915, "compression_ratio": 1.7939189189189189, "no_speech_prob": 0.16791780292987823}, {"id": 3, "seek": 0, "start": 8.700000000000001, "end": 10.56, "text": " \u0435\u0433\u043e \u043f\u043e \u0433\u0430\u0440\u0430\u043d\u0442\u0438\u0438 \u043d\u0430...", "tokens": [50800, 6448, 2801, 38470, 47483, 435, 1470, 485, 50893], "temperature": 0.0, "avg_logprob": -0.22687845148591915, "compression_ratio": 1.7939189189189189, "no_speech_prob": 0.16791780292987823}, {"id": 4, "seek": 0, "start": 10.56, "end": 12.120000000000001, "text": " \u041e\u043d\u0438 \u0433\u043e\u0432\u043e\u0440\u0438\u043b\u0438, \u0447\u0442\u043e \u043e\u043d\u0438 \u0431\u0443\u0434\u0443\u0442 \u043e\u0442\u043f\u0440\u0430\u0432\u043b\u044f\u0442\u044c", "tokens": [50893, 18973, 8180, 5435, 11, 2143, 7515, 20393, 22344, 26086, 1283, 50971], "temperature": 0.0, "avg_logprob": -0.22687845148591915, "compression_ratio": 1.7939189189189189, "no_speech_prob": 0.16791780292987823}, {"id": 5, "seek": 0, "start": 12.120000000000001, "end": 14.64, "text": " \u0432 \u0441\u0435\u0440\u0432\u0438\u0441\u043d\u044b\u0439 \u0446\u0435\u043d\u0442\u0440. \u0421\u043a\u0430\u0437\u0430\u043b\u0438, \u0447\u0442\u043e 45 \u0434\u043d\u0435\u0439,", "tokens": [50971, 740, 14490, 859, 3323, 4441, 46536, 13, 22965, 1990, 4071, 11, 2143, 6905, 47678, 11, 51097], "temperature": 0.0, "avg_logprob": -0.22687845148591915, "compression_ratio": 1.7939189189189189, "no_speech_prob": 0.16791780292987823}, {"id": 6, "seek": 0, "start": 14.74, "end": 16.36, "text": " \u0447\u0435\u0440\u0435\u0437 45 \u0434\u043d\u0435\u0439, \u0435\u0441\u043b\u0438 \u043d\u0435 \u0432\u0435\u0440\u043d\u0443\u0442\u0441\u044f, \u043f\u043e\u0437\u0432\u043e\u043d\u0438\u0442\u0435.", "tokens": [51102, 17341, 6905, 47678, 11, 8042, 1725, 10544, 35643, 1679, 11, 12188, 39672, 5878, 13, 51183], "temperature": 0.0, "avg_logprob": -0.22687845148591915, "compression_ratio": 1.7939189189189189, "no_speech_prob": 0.16791780292987823}, {"id": 7, "seek": 0, "start": 16.98, "end": 18.6, "text": " \u0412\u043e\u0442, 45 \u0434\u043d\u0435\u0439 \u0441\u0435\u0433\u043e\u0434\u043d\u044f \u0438\u0441\u0442\u0435\u043a\u043b\u043e.", "tokens": [51214, 9756, 11, 6905, 47678, 17413, 1006, 982, 2872, 4610, 13, 51295], "temperature": 0.0, "avg_logprob": -0.22687845148591915, "compression_ratio": 1.7939189189189189, "no_speech_prob": 0.16791780292987823}, {"id": 8, "seek": 0, "start": 20.94, "end": 21.86, "text": " \u041a\u0430\u0440\u043b\u0430 \u041c\u0430\u0440\u043a\u0441\u0430.", "tokens": [51412, 43923, 4989, 26182, 755, 22568, 13, 51458], "temperature": 0.0, "avg_logprob": -0.22687845148591915, "compression_ratio": 1.7939189189189189, "no_speech_prob": 0.16791780292987823}, {"id": 9, "seek": 0, "start": 25.54, "end": 26.88, "text": " \u0411\u043e\u043b\u044c\u0448\u043e\u0435 \u0441\u043f\u0430\u0441\u0438\u0431\u043e. \u0414\u043e \u0441\u0432\u0438\u0434\u0430\u043d\u0438\u044f.", "tokens": [51642, 5697, 24110, 5805, 37536, 13, 31695, 43666, 8831, 13, 51709], "temperature": 0.0, "avg_logprob": -0.22687845148591915, "compression_ratio": 1.7939189189189189, "no_speech_prob": 0.16791780292987823}, {"id": 10, "seek": 3000, "start": 30.0, "end": 59.980000000000004, "text": " \u041f\u0440\u043e\u0434\u043e\u043b\u0436\u0435\u043d\u0438\u0435 \u0441\u043b\u0435\u0434\u0443\u0435\u0442...", "tokens": [50365, 8567, 1435, 21403, 5627, 15363, 17781, 485, 51864], "temperature": 0.0, "avg_logprob": -0.25324842929840086, "compression_ratio": 0.8333333333333334, "no_speech_prob": 0.1310507208108902}], "language": "Russian"}