{"text": " \u0414\u043e\u0431\u0440\u044b\u0439 \u0434\u0435\u043d\u044c, \u043c\u0430\u0433\u0430\u0437\u0438\u043d IceCase. \u041c\u0435\u043d\u044f \u0437\u043e\u0432\u0443\u0442 \u0410\u043b\u0435\u043a\u0441\u0430\u043d\u0434\u0440. \u0427\u0435\u043c \u044f \u043c\u043e\u0433\u0443 \u043f\u043e\u043c\u043e\u0447\u044c? \u0422\u0430\u043a, \u0430 \u0432 \u043a\u0430\u043a\u043e\u0439 \u043c\u0430\u0433\u0430\u0437\u0438\u043d \u043e\u0431\u0440\u0430\u0449\u0430\u043b\u0438\u0441\u044c? \u041a\u0430\u0440\u043b \u041c\u0430\u0440\u043a\u0441\u0430. \u041e\u0436\u0438\u0434\u0430\u0435\u0442\u0441\u044f, \u043e\u043d \u0441\u0435\u0439\u0447\u0430\u0441 \u043f\u0435\u0440\u0435\u0437\u0432\u043e\u043d\u0438\u0442. \u041a\u0430\u0440\u043b \u041c\u0430\u0440\u043a\u0441\u0430. \u041e\u0436\u0438\u0434\u0430\u0435\u0442\u0441\u044f, \u043e\u043d \u0441\u0435\u0439\u0447\u0430\u0441 \u043f\u0435\u0440\u0435\u0437\u0432\u043e\u043d\u0438\u0442.", "segments": [{"id": 0, "seek": 0, "start": 0.0, "end": 2.34, "text": " \u0414\u043e\u0431\u0440\u044b\u0439 \u0434\u0435\u043d\u044c, \u043c\u0430\u0433\u0430\u0437\u0438\u043d IceCase. \u041c\u0435\u043d\u044f \u0437\u043e\u0432\u0443\u0442 \u0410\u043b\u0435\u043a\u0441\u0430\u043d\u0434\u0440. \u0427\u0435\u043c \u044f \u043c\u043e\u0433\u0443 \u043f\u043e\u043c\u043e\u0447\u044c?", "tokens": [50365, 3401, 13829, 4851, 13509, 11, 39771, 2599, 15332, 34, 651, 13, 47311, 46376, 44938, 481, 13, 7099, 1504, 2552, 22951, 8613, 27497, 30, 50482], "temperature": 0.0, "avg_logprob": -0.23540083028502384, "compression_ratio": 1.411764705882353, "no_speech_prob": 0.07790541648864746}, {"id": 1, "seek": 0, "start": 19.02, "end": 20.56, "text": " \u0422\u0430\u043a, \u0430 \u0432 \u043a\u0430\u043a\u043e\u0439 \u043c\u0430\u0433\u0430\u0437\u0438\u043d \u043e\u0431\u0440\u0430\u0449\u0430\u043b\u0438\u0441\u044c?", "tokens": [51316, 8770, 11, 2559, 740, 16898, 39771, 2599, 3348, 18747, 15020, 30, 51393], "temperature": 0.0, "avg_logprob": -0.23540083028502384, "compression_ratio": 1.411764705882353, "no_speech_prob": 0.07790541648864746}, {"id": 2, "seek": 0, "start": 22.48, "end": 24.740000000000002, "text": " \u041a\u0430\u0440\u043b \u041c\u0430\u0440\u043a\u0441\u0430. \u041e\u0436\u0438\u0434\u0430\u0435\u0442\u0441\u044f, \u043e\u043d \u0441\u0435\u0439\u0447\u0430\u0441 \u043f\u0435\u0440\u0435\u0437\u0432\u043e\u043d\u0438\u0442.", "tokens": [51489, 43923, 693, 26182, 755, 22568, 13, 3688, 1820, 3586, 6970, 11, 5345, 10241, 4321, 3634, 39672, 1635, 13, 51602], "temperature": 0.0, "avg_logprob": -0.23540083028502384, "compression_ratio": 1.411764705882353, "no_speech_prob": 0.07790541648864746}, {"id": 3, "seek": 3000, "start": 30.0, "end": 59.980000000000004, "text": " \u041a\u0430\u0440\u043b \u041c\u0430\u0440\u043a\u0441\u0430. \u041e\u0436\u0438\u0434\u0430\u0435\u0442\u0441\u044f, \u043e\u043d \u0441\u0435\u0439\u0447\u0430\u0441 \u043f\u0435\u0440\u0435\u0437\u0432\u043e\u043d\u0438\u0442.", "tokens": [50365, 43923, 693, 26182, 755, 22568, 13, 3688, 1820, 3586, 6970, 11, 5345, 10241, 4321, 3634, 39672, 1635, 13, 51864], "temperature": 0.0, "avg_logprob": -0.24489146187191918, "compression_ratio": 1.0379746835443038, "no_speech_prob": 0.07466999441385269}], "language": "Russian"}