{"text": " \u0434\u0430 \u0434\u0430 \u043f\u0435\u0440\u0435\u0437\u0432\u043e\u043d\u0438 \u0447\u0435\u0440\u0435\u0437 \u043f\u044f\u0442\u044c \u043c\u0438\u043d\u0443\u0442 \u043f\u043e\u0436\u0430\u043b\u0443\u0439\u0441\u0442\u0430 \u0441\u0435\u0439\u0447\u0430\u0441 \u0437\u0430\u0433\u043e\u0432\u043e\u0440\u044e \u0441\u043f\u0430\u0441\u0438\u0431\u043e", "segments": [{"id": 0, "seek": 0, "start": 0.0, "end": 10.88, "text": " \u0434\u0430 \u0434\u0430 \u043f\u0435\u0440\u0435\u0437\u0432\u043e\u043d\u0438 \u0447\u0435\u0440\u0435\u0437 \u043f\u044f\u0442\u044c \u043c\u0438\u043d\u0443\u0442 \u043f\u043e\u0436\u0430\u043b\u0443\u0439\u0441\u0442\u0430 \u0441\u0435\u0439\u0447\u0430\u0441 \u0437\u0430\u0433\u043e\u0432\u043e\u0440\u044e \u0441\u043f\u0430\u0441\u0438\u0431\u043e", "tokens": [50365, 8995, 8995, 4321, 3634, 859, 21869, 17341, 43618, 24498, 32518, 10241, 25770, 6362, 1148, 37536, 50909], "temperature": 0.0, "avg_logprob": -0.3377128971947564, "compression_ratio": 1.3157894736842106, "no_speech_prob": 0.03003130480647087}], "language": "Russian"}