{"text": " \u0420\u043e\u043c\u0430\u043d, \u0434\u043e\u0431\u0440\u044b\u0439 \u0434\u0435\u043d\u044c. \u041c\u0430\u0433\u0430\u0437\u0438\u043d AFK \u0431\u0435\u0441\u043f\u043e\u043a\u043e\u0438\u0442. \u0425\u043e\u0440\u043e\u0448\u043e, \u043b\u0430\u0434\u043d\u043e, \u0442\u0435\u043f\u0435\u0440\u044c \u0437\u0432\u043e\u043d\u044e.", "segments": [{"id": 0, "seek": 0, "start": 0.0, "end": 3.8000000000000003, "text": " \u0420\u043e\u043c\u0430\u043d, \u0434\u043e\u0431\u0440\u044b\u0439 \u0434\u0435\u043d\u044c. \u041c\u0430\u0433\u0430\u0437\u0438\u043d AFK \u0431\u0435\u0441\u043f\u043e\u043a\u043e\u0438\u0442.", "tokens": [50365, 6325, 1253, 1416, 11, 35620, 4851, 13509, 13, 3493, 5583, 1990, 2599, 20389, 42, 32971, 32622, 1635, 13, 50555], "temperature": 0.0, "avg_logprob": -0.34391258608910347, "compression_ratio": 1.1272727272727272, "no_speech_prob": 0.34752708673477173}, {"id": 1, "seek": 0, "start": 7.6000000000000005, "end": 8.88, "text": " \u0425\u043e\u0440\u043e\u0448\u043e, \u043b\u0430\u0434\u043d\u043e, \u0442\u0435\u043f\u0435\u0440\u044c \u0437\u0432\u043e\u043d\u044e.", "tokens": [50745, 37564, 11, 44107, 11, 16983, 45832, 1148, 13, 50809], "temperature": 0.0, "avg_logprob": -0.34391258608910347, "compression_ratio": 1.1272727272727272, "no_speech_prob": 0.34752708673477173}], "language": "Russian"}