{"text": " \u0414\u0430, \u0441\u043b\u0443\u0448\u0430\u044e. \u042f \u043f\u043e\u043d\u044f\u043b. \u0410 \u043f\u043e\u0447\u0435\u043c\u0443 6400? \u0417\u0430 \u043c\u0438\u043a\u0440\u043e\u0444\u043e\u043d. \u041d\u043e \u0432\u0441\u0451 \u0440\u0430\u0432\u043d\u043e \u043a\u0430\u043a-\u0442\u043e \u043d\u0435 \u0441\u0442\u043e\u0438\u0442 \u043e\u0442 6400. \u0412\u043e\u0442 \u044f \u0436\u0435 \u0441\u0435\u0439\u0447\u0430\u0441 \u0440\u0430\u0437\u0433\u043e\u0432\u0430\u0440\u0438\u0432\u0430\u044e \u0441 \u0432\u0430\u043c\u0438, \u043f\u0440\u0430\u0432\u0438\u043b\u044c\u043d\u043e? \u041c\u0435\u043d\u044f \u0441\u043b\u044b\u0448\u0438\u0442\u0435? \u0412\u043e\u0442, \u0432\u0438\u0434\u0438\u0442\u0435? \u041c\u043e\u0436\u0435\u0442 \u0442\u0430\u043c \u043f\u0440\u043e\u0432\u043e\u0434\u043e\u0447\u0435\u043a \u043f\u043e\u043f\u0440\u0430\u0432\u0438\u0442\u044c \u043d\u0430\u0434\u043e, \u0438 \u0432\u0441\u0451? 6000 \u0437\u0430 \u044d\u0442\u043e \u043e\u0442\u0434\u0430\u0432\u0430\u0442\u044c. \u0410 \u0434\u0438\u0430\u0433\u043d\u043e\u0441\u0442\u0438\u043a\u0430-\u0442\u043e \u0440\u0430\u0437\u0431\u0438\u0440\u0430\u0442\u044c \u043e\u043d\u0430 \u0431\u0443\u0434\u0435\u0442 \u0438\u043b\u0438 \u043f\u043e \u043a\u043e\u043c\u043f\u044c\u044e\u0442\u0435\u0440\u0443? \u041d\u0443 \u0434\u0430, \u0438 \u0432\u043e\u0442 \u043f\u043e\u043f\u0440\u0430\u0432\u0438\u0442\u044c-\u0442\u043e, \u0432\u043e\u0442 \u043f\u0438\u0448\u0435\u0442, \u043e\u0442\u0434\u0430\u0432\u0430\u0442\u044c, \u043a\u0430\u043a \u0431\u044b \u0437\u0430 \u044d\u0442\u043e. \u041b\u0430\u0434\u043d\u043e, \u0434\u0430\u0432\u0430\u0439\u0442\u0435, \u044f \u0441\u0435\u0439\u0447\u0430\u0441 \u0442\u0435\u043b\u0435\u0444\u043e\u043d \u0441\u043e\u0445\u0440\u0430\u043d\u044e \u0442\u043e\u0433\u0434\u0430, \u043f\u0435\u0440\u0435\u0437\u0432\u043e\u043d\u044e.", "segments": [{"id": 0, "seek": 0, "start": 0.0, "end": 1.6, "text": " \u0414\u0430, \u0441\u043b\u0443\u0448\u0430\u044e.", "tokens": [50365, 9149, 11, 41839, 3776, 13, 50445], "temperature": 0.0, "avg_logprob": -0.4559292793273926, "compression_ratio": 0.9634146341463414, "no_speech_prob": 0.2157430499792099}, {"id": 1, "seek": 0, "start": 16.240000000000002, "end": 18.900000000000002, "text": " \u042f \u043f\u043e\u043d\u044f\u043b. \u0410 \u043f\u043e\u0447\u0435\u043c\u0443 6400?", "tokens": [51177, 4857, 37975, 13, 3450, 21513, 12145, 628, 30, 51310], "temperature": 0.0, "avg_logprob": -0.4559292793273926, "compression_ratio": 0.9634146341463414, "no_speech_prob": 0.2157430499792099}, {"id": 2, "seek": 0, "start": 23.3, "end": 24.98, "text": " \u0417\u0430 \u043c\u0438\u043a\u0440\u043e\u0444\u043e\u043d.", "tokens": [51530, 22391, 43712, 9938, 3619, 1784, 13, 51614], "temperature": 0.0, "avg_logprob": -0.4559292793273926, "compression_ratio": 0.9634146341463414, "no_speech_prob": 0.2157430499792099}, {"id": 3, "seek": 3000, "start": 30.0, "end": 34.9, "text": " \u041d\u043e \u0432\u0441\u0451 \u0440\u0430\u0432\u043d\u043e \u043a\u0430\u043a-\u0442\u043e \u043d\u0435 \u0441\u0442\u043e\u0438\u0442 \u043e\u0442 6400.", "tokens": [50365, 7264, 9649, 27354, 3014, 12, 860, 1725, 23675, 2943, 12145, 628, 13, 50610], "temperature": 0.0, "avg_logprob": -0.3847855063045726, "compression_ratio": 1.7083333333333333, "no_speech_prob": 0.005300609860569239}, {"id": 4, "seek": 3000, "start": 36.16, "end": 38.74, "text": " \u0412\u043e\u0442 \u044f \u0436\u0435 \u0441\u0435\u0439\u0447\u0430\u0441 \u0440\u0430\u0437\u0433\u043e\u0432\u0430\u0440\u0438\u0432\u0430\u044e \u0441 \u0432\u0430\u043c\u0438, \u043f\u0440\u0430\u0432\u0438\u043b\u044c\u043d\u043e?", "tokens": [50673, 9756, 2552, 6151, 10241, 4203, 27531, 2222, 2739, 3776, 776, 24166, 11, 39321, 30, 50802], "temperature": 0.0, "avg_logprob": -0.3847855063045726, "compression_ratio": 1.7083333333333333, "no_speech_prob": 0.005300609860569239}, {"id": 5, "seek": 3000, "start": 39.38, "end": 40.06, "text": " \u041c\u0435\u043d\u044f \u0441\u043b\u044b\u0448\u0438\u0442\u0435?", "tokens": [50834, 47311, 31814, 5878, 30, 50868], "temperature": 0.0, "avg_logprob": -0.3847855063045726, "compression_ratio": 1.7083333333333333, "no_speech_prob": 0.005300609860569239}, {"id": 6, "seek": 3000, "start": 41.1, "end": 41.66, "text": " \u0412\u043e\u0442, \u0432\u0438\u0434\u0438\u0442\u0435?", "tokens": [50920, 9756, 11, 41904, 30, 50948], "temperature": 0.0, "avg_logprob": -0.3847855063045726, "compression_ratio": 1.7083333333333333, "no_speech_prob": 0.005300609860569239}, {"id": 7, "seek": 3000, "start": 41.82, "end": 44.64, "text": " \u041c\u043e\u0436\u0435\u0442 \u0442\u0430\u043c \u043f\u0440\u043e\u0432\u043e\u0434\u043e\u0447\u0435\u043a \u043f\u043e\u043f\u0440\u0430\u0432\u0438\u0442\u044c \u043d\u0430\u0434\u043e, \u0438 \u0432\u0441\u0451?", "tokens": [50956, 32786, 8223, 33924, 4492, 2872, 10694, 5608, 3258, 13256, 11, 1006, 9649, 30, 51097], "temperature": 0.0, "avg_logprob": -0.3847855063045726, "compression_ratio": 1.7083333333333333, "no_speech_prob": 0.005300609860569239}, {"id": 8, "seek": 3000, "start": 45.78, "end": 47.480000000000004, "text": " 6000 \u0437\u0430 \u044d\u0442\u043e \u043e\u0442\u0434\u0430\u0432\u0430\u0442\u044c.", "tokens": [51154, 41789, 4396, 2691, 22243, 38945, 13, 51239], "temperature": 0.0, "avg_logprob": -0.3847855063045726, "compression_ratio": 1.7083333333333333, "no_speech_prob": 0.005300609860569239}, {"id": 9, "seek": 3000, "start": 55.74, "end": 58.46, "text": " \u0410 \u0434\u0438\u0430\u0433\u043d\u043e\u0441\u0442\u0438\u043a\u0430-\u0442\u043e \u0440\u0430\u0437\u0431\u0438\u0440\u0430\u0442\u044c \u043e\u043d\u0430 \u0431\u0443\u0434\u0435\u0442 \u0438\u043b\u0438 \u043f\u043e \u043a\u043e\u043c\u043f\u044c\u044e\u0442\u0435\u0440\u0443?", "tokens": [51652, 3450, 28255, 5583, 13975, 2833, 12, 860, 26868, 4490, 2209, 8826, 7306, 8101, 2801, 48488, 29894, 30, 51788], "temperature": 0.0, "avg_logprob": -0.3847855063045726, "compression_ratio": 1.7083333333333333, "no_speech_prob": 0.005300609860569239}, {"id": 10, "seek": 6000, "start": 60.0, "end": 67.06, "text": " \u041d\u0443 \u0434\u0430, \u0438 \u0432\u043e\u0442 \u043f\u043e\u043f\u0440\u0430\u0432\u0438\u0442\u044c-\u0442\u043e, \u0432\u043e\u0442 \u043f\u0438\u0448\u0435\u0442, \u043e\u0442\u0434\u0430\u0432\u0430\u0442\u044c, \u043a\u0430\u043a \u0431\u044b \u0437\u0430 \u044d\u0442\u043e.", "tokens": [50365, 7571, 8995, 11, 1006, 5505, 10694, 5608, 3258, 12, 860, 11, 5505, 37979, 1094, 11, 22243, 38945, 11, 3014, 2768, 4396, 2691, 13, 50718], "temperature": 0.0, "avg_logprob": -0.4067806667751736, "compression_ratio": 1.4895104895104896, "no_speech_prob": 0.025337502360343933}, {"id": 11, "seek": 6000, "start": 67.66, "end": 70.64, "text": " \u041b\u0430\u0434\u043d\u043e, \u0434\u0430\u0432\u0430\u0439\u0442\u0435, \u044f \u0441\u0435\u0439\u0447\u0430\u0441 \u0442\u0435\u043b\u0435\u0444\u043e\u043d \u0441\u043e\u0445\u0440\u0430\u043d\u044e \u0442\u043e\u0433\u0434\u0430, \u043f\u0435\u0440\u0435\u0437\u0432\u043e\u043d\u044e.", "tokens": [50748, 7853, 27225, 11, 30412, 11, 2552, 10241, 44485, 41571, 1148, 21696, 11, 4321, 3634, 39672, 1148, 13, 50897], "temperature": 0.0, "avg_logprob": -0.4067806667751736, "compression_ratio": 1.4895104895104896, "no_speech_prob": 0.025337502360343933}], "language": "Russian"}