{"text": " \u0432\u043e\u0442 \u044d\u0442\u0430\u0436 \u043f\u0430\u0441 \u043b\u0435\u0442 \u043f\u0438\u0432\u043e \u043a\u0430\u043a\u0430\u044f \u0438\u0441\u0442\u043e\u0440\u0438\u044f \u0430\u043b\u043b\u043e \u0437\u0434\u0440\u0430\u0441\u044c\u0442\u0435 \u0440\u0435\u0431\u044f\u0442\u0430 \u044f \u0432\u043e\u0442 \u0432\u043e \u0432\u0442\u043e\u0440\u043d\u0438\u043a \u0442\u0435\u043b\u0435\u0444\u043e\u043d \u0437\u0430\u0432\u043e\u0437\u0438\u043b\u0430 \u0434\u0438\u0430\u0433\u043d\u043e\u0441\u0442\u0438\u043a\u0443 14 \u043c\u0430\u043a\u0441 \u0443\u0442\u043e\u043f\u043b\u0435\u043d\u043d\u0438\u043a \u043d\u0430 \u043c\u0438\u0447\u0443\u0440\u0438\u043d\u0430 \u043a\u043e\u0442\u043e\u0440\u044b\u0435 \u043c\u0438\u0447\u0443\u0440\u0438\u043d\u0430 \u043d\u0443 \u0434\u0430 \u0434\u0430 \u0434\u0430 \u0445\u043e\u0440\u043e\u0448\u043e \u0441\u043f\u0430\u0441\u0438\u0431\u043e \u0431\u043e\u043b\u044c\u0448\u043e\u0435", "segments": [{"id": 0, "seek": 0, "start": 0.0, "end": 12.66, "text": " \u0432\u043e\u0442 \u044d\u0442\u0430\u0436 \u043f\u0430\u0441 \u043b\u0435\u0442 \u043f\u0438\u0432\u043e \u043a\u0430\u043a\u0430\u044f \u0438\u0441\u0442\u043e\u0440\u0438\u044f \u0430\u043b\u043b\u043e \u0437\u0434\u0440\u0430\u0441\u044c\u0442\u0435 \u0440\u0435\u0431\u044f\u0442\u0430 \u044f \u0432\u043e\u0442 \u0432\u043e \u0432\u0442\u043e\u0440\u043d\u0438\u043a \u0442\u0435\u043b\u0435\u0444\u043e\u043d", "tokens": [50365, 5505, 4030, 3234, 713, 2019, 13088, 713, 2739, 354, 29334, 41531, 39336, 4610, 7608, 481, 10285, 5863, 37678, 2552, 5505, 7900, 19823, 9715, 44485, 50998], "temperature": 0.0, "avg_logprob": -0.37763198216756183, "compression_ratio": 1.755952380952381, "no_speech_prob": 0.13471253216266632}, {"id": 1, "seek": 0, "start": 12.66, "end": 21.66, "text": " \u0437\u0430\u0432\u043e\u0437\u0438\u043b\u0430 \u0434\u0438\u0430\u0433\u043d\u043e\u0441\u0442\u0438\u043a\u0443 14 \u043c\u0430\u043a\u0441 \u0443\u0442\u043e\u043f\u043b\u0435\u043d\u043d\u0438\u043a \u043d\u0430 \u043c\u0438\u0447\u0443\u0440\u0438\u043d\u0430 \u043a\u043e\u0442\u043e\u0440\u044b\u0435 \u043c\u0438\u0447\u0443\u0440\u0438\u043d\u0430 \u043d\u0443 \u0434\u0430 \u0434\u0430 \u0434\u0430", "tokens": [50998, 13388, 3434, 10578, 28255, 5583, 34383, 35353, 3499, 1084, 23289, 25448, 3762, 11586, 9715, 1470, 1084, 3903, 585, 4679, 1931, 10381, 1084, 3903, 585, 4679, 1931, 13087, 8995, 8995, 8995, 51448], "temperature": 0.0, "avg_logprob": -0.37763198216756183, "compression_ratio": 1.755952380952381, "no_speech_prob": 0.13471253216266632}, {"id": 2, "seek": 2166, "start": 21.66, "end": 26.28, "text": " \u0445\u043e\u0440\u043e\u0448\u043e \u0441\u043f\u0430\u0441\u0438\u0431\u043e \u0431\u043e\u043b\u044c\u0448\u043e\u0435", "tokens": [50365, 16977, 37536, 46843, 50596], "temperature": 0.0, "avg_logprob": -0.5554089546203613, "compression_ratio": 0.9767441860465116, "no_speech_prob": 0.001500713056884706}], "language": "Russian"}