{"text": " \u0414\u043e\u0431\u0440\u044b\u0439 \u0434\u0435\u043d\u044c, \u043c\u0430\u0433\u0430\u0437\u0438\u043d \u0410\u0438\u0441\u0442\u0435\u0439\u0442. \u041c\u0435\u043d\u044f \u0437\u043e\u0432\u0443\u0442 \u0414\u043c\u0438\u0442\u0440\u0438\u0439. \u0427\u0435\u043c \u043c\u043e\u0433\u0443 \u043f\u043e\u043c\u043e\u0447\u044c? \u0410\u043b\u043b\u043e. \u0414\u0430, \u0437\u0434\u0440\u0430\u0432\u0441\u0442\u0432\u0443\u0439\u0442\u0435. \u0412 \u043a\u0430\u043a\u043e\u0439 \u043c\u0430\u0433\u0430\u0437\u0438\u043d \u0437\u0430\u0432\u043e\u0437\u0438\u043b\u0438? \u0410\u0434\u0440\u0435\u0441? \u041c\u0438\u0447\u0443\u0440\u0438\u043d 120? \u0414\u0430\u0432\u0430\u0439\u0442\u0435 \u044f \u043f\u0435\u0440\u0435\u0437\u0432\u043e\u043d\u044e \u0432\u0430\u0448\u0435\u043c\u0443 \u0442\u0435\u043b\u0435\u0444\u043e\u043d\u0443, \u041c\u0438\u0447\u0443\u0440\u0438\u043d\u0443, \u0438 \u0440\u0435\u0431\u044f\u0442\u0430 \u0432\u0430\u043c \u043f\u0435\u0440\u0435\u0437\u0432\u043e\u043d\u044f\u0442. \u041e\u0436\u0438\u0434\u0430\u0439\u0442\u0435. \u0414\u043e \u0441\u0432\u0438\u0434\u0430\u043d\u0438\u044f.", "segments": [{"id": 0, "seek": 0, "start": 0.0, "end": 2.88, "text": " \u0414\u043e\u0431\u0440\u044b\u0439 \u0434\u0435\u043d\u044c, \u043c\u0430\u0433\u0430\u0437\u0438\u043d \u0410\u0438\u0441\u0442\u0435\u0439\u0442. \u041c\u0435\u043d\u044f \u0437\u043e\u0432\u0443\u0442 \u0414\u043c\u0438\u0442\u0440\u0438\u0439. \u0427\u0435\u043c \u043c\u043e\u0433\u0443 \u043f\u043e\u043c\u043e\u0447\u044c?", "tokens": [50365, 3401, 13829, 4851, 13509, 11, 39771, 2599, 3450, 9330, 2345, 403, 13, 47311, 46376, 3401, 919, 1635, 50161, 13, 7099, 1504, 22951, 8613, 27497, 30, 50509], "temperature": 0.0, "avg_logprob": -0.2893578665597098, "compression_ratio": 1.738396624472574, "no_speech_prob": 0.06831812858581543}, {"id": 1, "seek": 0, "start": 7.84, "end": 10.88, "text": " \u0410\u043b\u043b\u043e. \u0414\u0430, \u0437\u0434\u0440\u0430\u0432\u0441\u0442\u0432\u0443\u0439\u0442\u0435.", "tokens": [50757, 43104, 4610, 13, 9149, 11, 7608, 36359, 13, 50909], "temperature": 0.0, "avg_logprob": -0.2893578665597098, "compression_ratio": 1.738396624472574, "no_speech_prob": 0.06831812858581543}, {"id": 2, "seek": 0, "start": 15.22, "end": 17.76, "text": " \u0412 \u043a\u0430\u043a\u043e\u0439 \u043c\u0430\u0433\u0430\u0437\u0438\u043d \u0437\u0430\u0432\u043e\u0437\u0438\u043b\u0438? \u0410\u0434\u0440\u0435\u0441?", "tokens": [51126, 2348, 16898, 39771, 2599, 13388, 3434, 5435, 30, 3450, 856, 481, 2292, 30, 51253], "temperature": 0.0, "avg_logprob": -0.2893578665597098, "compression_ratio": 1.738396624472574, "no_speech_prob": 0.06831812858581543}, {"id": 3, "seek": 0, "start": 19.14, "end": 20.1, "text": " \u041c\u0438\u0447\u0443\u0440\u0438\u043d 120?", "tokens": [51322, 3493, 3903, 7489, 2599, 10411, 30, 51370], "temperature": 0.0, "avg_logprob": -0.2893578665597098, "compression_ratio": 1.738396624472574, "no_speech_prob": 0.06831812858581543}, {"id": 4, "seek": 0, "start": 21.76, "end": 24.8, "text": " \u0414\u0430\u0432\u0430\u0439\u0442\u0435 \u044f \u043f\u0435\u0440\u0435\u0437\u0432\u043e\u043d\u044e \u0432\u0430\u0448\u0435\u043c\u0443 \u0442\u0435\u043b\u0435\u0444\u043e\u043d\u0443, \u041c\u0438\u0447\u0443\u0440\u0438\u043d\u0443, \u0438 \u0440\u0435\u0431\u044f\u0442\u0430 \u0432\u0430\u043c \u043f\u0435\u0440\u0435\u0437\u0432\u043e\u043d\u044f\u0442.", "tokens": [51453, 30487, 2552, 4321, 3634, 39672, 1148, 14536, 8339, 44485, 585, 11, 3493, 3903, 7489, 15387, 11, 1006, 37678, 10448, 4321, 3634, 39672, 4558, 13, 51605], "temperature": 0.0, "avg_logprob": -0.2893578665597098, "compression_ratio": 1.738396624472574, "no_speech_prob": 0.06831812858581543}, {"id": 5, "seek": 0, "start": 26.62, "end": 27.32, "text": " \u041e\u0436\u0438\u0434\u0430\u0439\u0442\u0435. \u0414\u043e \u0441\u0432\u0438\u0434\u0430\u043d\u0438\u044f.", "tokens": [51696, 3688, 1820, 3586, 10330, 13, 31695, 43666, 8831, 13, 51731], "temperature": 0.0, "avg_logprob": -0.2893578665597098, "compression_ratio": 1.738396624472574, "no_speech_prob": 0.06831812858581543}], "language": "Russian"}