{"text": " \u041a\u0441\u0435\u043d\u0438\u044f, \u0434\u043e\u0431\u0440\u044b\u0439 \u0434\u0435\u043d\u044c, \u0432\u0430\u0441 \u0431\u0435\u0441\u043f\u043e\u043a\u043e\u0438\u0442 \u043c\u0430\u0433\u0430\u0437\u0438\u043d Ice Case \u0417\u0432\u043e\u043d\u044e \u0441\u043a\u0430\u0437\u0430\u0442\u044c, \u0447\u0442\u043e \u0432\u0430\u0448 \u0437\u0430\u043a\u0430\u0437 \u0433\u043e\u0442\u043e\u0432 \u043a \u0432\u044b\u0434\u0430\u0447\u0435 \u041c\u043e\u0436\u0435\u0442\u0435 \u043f\u043e\u0434\u0445\u043e\u0434\u0438\u0442\u044c \u0414\u043e \u0441\u0432\u0438\u0434\u0430\u043d\u0438\u044f", "segments": [{"id": 0, "seek": 0, "start": 0.0, "end": 3.8200000000000003, "text": " \u041a\u0441\u0435\u043d\u0438\u044f, \u0434\u043e\u0431\u0440\u044b\u0439 \u0434\u0435\u043d\u044c, \u0432\u0430\u0441 \u0431\u0435\u0441\u043f\u043e\u043a\u043e\u0438\u0442 \u043c\u0430\u0433\u0430\u0437\u0438\u043d Ice Case", "tokens": [50365, 3422, 461, 5332, 11, 35620, 4851, 13509, 11, 10655, 32971, 32622, 1635, 39771, 2599, 15332, 17791, 50556], "temperature": 0.0, "avg_logprob": -0.19775230326551071, "compression_ratio": 1.3773584905660377, "no_speech_prob": 0.3012077808380127}, {"id": 1, "seek": 0, "start": 3.8200000000000003, "end": 6.0600000000000005, "text": " \u0417\u0432\u043e\u043d\u044e \u0441\u043a\u0430\u0437\u0430\u0442\u044c, \u0447\u0442\u043e \u0432\u0430\u0448 \u0437\u0430\u043a\u0430\u0437 \u0433\u043e\u0442\u043e\u0432 \u043a \u0432\u044b\u0434\u0430\u0447\u0435", "tokens": [50556, 5841, 39672, 1148, 20636, 11, 2143, 14536, 10264, 1990, 17137, 981, 2840, 3444, 32595, 50668], "temperature": 0.0, "avg_logprob": -0.19775230326551071, "compression_ratio": 1.3773584905660377, "no_speech_prob": 0.3012077808380127}, {"id": 2, "seek": 0, "start": 6.0600000000000005, "end": 7.0, "text": " \u041c\u043e\u0436\u0435\u0442\u0435 \u043f\u043e\u0434\u0445\u043e\u0434\u0438\u0442\u044c", "tokens": [50668, 3493, 2161, 10524, 44617, 3258, 50715], "temperature": 0.0, "avg_logprob": -0.19775230326551071, "compression_ratio": 1.3773584905660377, "no_speech_prob": 0.3012077808380127}, {"id": 3, "seek": 0, "start": 7.0, "end": 10.24, "text": " \u0414\u043e \u0441\u0432\u0438\u0434\u0430\u043d\u0438\u044f", "tokens": [50715, 31695, 43666, 8831, 50877], "temperature": 0.0, "avg_logprob": -0.19775230326551071, "compression_ratio": 1.3773584905660377, "no_speech_prob": 0.3012077808380127}], "language": "Russian"}