{"text": " \u043a\u0430\u043a\u043e\u0439 \u0446\u0432\u0435\u0442 \u043e\u0431\u044a\u0435\u043c \u043f\u0430\u043c\u044f\u0442\u0438 \u0432\u0430\u0441 \u0438\u043d\u0442\u0435\u0440\u0435\u0441\u0443\u0435\u0442 \u0442\u0430\u043a \u0441\u0438\u043d\u0438\u0439 \u043d\u0430 256 \u0432 \u043d\u0430\u043b\u0438\u0447\u0438\u0438 \u0435\u0441\u0442\u044c \u043d\u0430 \u043c\u0438\u0447\u0443\u0440\u0435 \u0437\u0430 120 \u0430\u043a\u0442\u0443\u0430\u043b\u044c\u043d\u0430\u044f \u0446\u0435\u043d\u0430 \u0435\u0433\u043e 107 900 \u0440\u0430\u0441\u0441\u0440\u043e\u0447\u043a\u0438 \u0441\u0435\u0439\u0447\u0430\u0441 \u0440\u0430\u0441\u0441\u0440\u043e\u0447\u043a\u0430 \u0442\u043e\u043b\u044c\u043a\u043e \u043f\u043e\u043a\u0430 \u0447\u0442\u043e \u043d\u0430 \u043f\u043e\u0431\u0435\u0434\u0435 97 \u043f\u043e\u043a\u0430 \u0447\u0442\u043e \u0435\u0449\u0435 \u0442\u043e\u043b\u044c\u043a\u043e \u0432\u0432\u0435\u043b\u0438 \u0442\u0435\u0441\u0442\u0438\u0440\u0443\u0435\u043c \u043d\u043e \u043a\u0440\u0435\u0434\u0438\u0442 \u0435\u0441\u0442\u044c \u0432\u043e \u0432\u0441\u0435\u0445 \u043c\u0430\u0433\u0430\u0437\u0438\u043d\u0430\u0445 \u0434\u0430 \u043a\u043e\u043d\u0435\u0447\u043d\u043e \u0445\u043e\u0440\u043e\u0448\u0435\u0433\u043e", "segments": [{"id": 0, "seek": 0, "start": 0.0, "end": 20.34, "text": " \u043a\u0430\u043a\u043e\u0439 \u0446\u0432\u0435\u0442 \u043e\u0431\u044a\u0435\u043c \u043f\u0430\u043c\u044f\u0442\u0438 \u0432\u0430\u0441 \u0438\u043d\u0442\u0435\u0440\u0435\u0441\u0443\u0435\u0442 \u0442\u0430\u043a \u0441\u0438\u043d\u0438\u0439 \u043d\u0430 256 \u0432 \u043d\u0430\u043b\u0438\u0447\u0438\u0438 \u0435\u0441\u0442\u044c \u043d\u0430", "tokens": [50365, 16898, 24937, 16646, 1504, 39164, 21689, 10655, 15033, 17781, 2936, 776, 435, 15199, 1470, 38882, 740, 32750, 3903, 7347, 5640, 1470, 51382], "temperature": 0.0, "avg_logprob": -0.24500080108642577, "compression_ratio": 1.3131313131313131, "no_speech_prob": 0.19413287937641144}, {"id": 1, "seek": 2034, "start": 20.34, "end": 31.98, "text": " \u043c\u0438\u0447\u0443\u0440\u0435 \u0437\u0430 120 \u0430\u043a\u0442\u0443\u0430\u043b\u044c\u043d\u0430\u044f \u0446\u0435\u043d\u0430 \u0435\u0433\u043e 107 900 \u0440\u0430\u0441\u0441\u0440\u043e\u0447\u043a\u0438 \u0441\u0435\u0439\u0447\u0430\u0441 \u0440\u0430\u0441\u0441\u0440\u043e\u0447\u043a\u0430 \u0442\u043e\u043b\u044c\u043a\u043e \u043f\u043e\u043a\u0430 \u0447\u0442\u043e", "tokens": [50365, 1084, 3903, 7489, 387, 4396, 10411, 13790, 13549, 32016, 5188, 13362, 6448, 1266, 22, 22016, 23345, 481, 32775, 10241, 23345, 481, 29576, 9008, 17770, 2143, 50947], "temperature": 0.0, "avg_logprob": -0.1886357129630396, "compression_ratio": 1.746031746031746, "no_speech_prob": 0.00036256227758713067}, {"id": 2, "seek": 2034, "start": 31.98, "end": 43.32, "text": " \u043d\u0430 \u043f\u043e\u0431\u0435\u0434\u0435 97 \u043f\u043e\u043a\u0430 \u0447\u0442\u043e \u0435\u0449\u0435 \u0442\u043e\u043b\u044c\u043a\u043e \u0432\u0432\u0435\u043b\u0438 \u0442\u0435\u0441\u0442\u0438\u0440\u0443\u0435\u043c \u043d\u043e \u043a\u0440\u0435\u0434\u0438\u0442 \u0435\u0441\u0442\u044c \u0432\u043e \u0432\u0441\u0435\u0445 \u043c\u0430\u0433\u0430\u0437\u0438\u043d\u0430\u0445 \u0434\u0430 \u043a\u043e\u043d\u0435\u0447\u043d\u043e \u0445\u043e\u0440\u043e\u0448\u0435\u0433\u043e", "tokens": [50947, 1470, 39281, 387, 23399, 17770, 2143, 9910, 9008, 740, 859, 8334, 18445, 4756, 2711, 1504, 6035, 7502, 2229, 1635, 5640, 7900, 17260, 39771, 7861, 1157, 8995, 15271, 11436, 4353, 51514], "temperature": 0.0, "avg_logprob": -0.1886357129630396, "compression_ratio": 1.746031746031746, "no_speech_prob": 0.00036256227758713067}], "language": "Russian"}