{"text": " \u0417\u0434\u0440\u0430\u0432\u0441\u0442\u0432\u0443\u0439\u0442\u0435. \u0421\u043a\u0430\u0436\u0438\u0442\u0435, \u043f\u043e\u0436\u0430\u043b\u0443\u0439\u0441\u0442\u0430, 15 Pro Max \u0435\u0441\u0442\u044c \u0432 \u043d\u0430\u043b\u0438\u0447\u0438\u0438 \u0438 \u0441\u043a\u043e\u043b\u044c\u043a\u043e \u0441\u0442\u043e\u0438\u0442? \u0421\u0438\u043d\u0438\u0439 \u043d\u0430 256. \u0410\u0433\u0430. \u0422\u0430\u043a, \u0430 \u0440\u0430\u0441\u0447\u0435\u0442\u0447\u0438\u043a\u0438 \u0435\u0441\u0442\u044c, \u0434\u0430, \u0443 \u0432\u0430\u0441 \u043e\u0442 \u0431\u0430\u043d\u043a\u0430? \u0410\u0433\u0430. \u041f\u043e\u043d\u044f\u0442\u043d\u043e. \u041b\u0430\u0434\u043d\u043e, \u0441\u043f\u0430\u0441\u0438\u0431\u043e \u0431\u043e\u043b\u044c\u0448\u043e\u0435, \u0432\u0441\u0435\u0433\u043e \u0434\u043e\u0431\u0440\u043e\u0433\u043e.", "segments": [{"id": 0, "seek": 0, "start": 0.0, "end": 11.32, "text": " \u0417\u0434\u0440\u0430\u0432\u0441\u0442\u0432\u0443\u0439\u0442\u0435. \u0421\u043a\u0430\u0436\u0438\u0442\u0435, \u043f\u043e\u0436\u0430\u043b\u0443\u0439\u0441\u0442\u0430, 15 Pro Max \u0435\u0441\u0442\u044c \u0432 \u043d\u0430\u043b\u0438\u0447\u0438\u0438 \u0438 \u0441\u043a\u043e\u043b\u044c\u043a\u043e \u0441\u0442\u043e\u0438\u0442?", "tokens": [50365, 17613, 36359, 13, 22965, 3234, 5878, 11, 32518, 11, 2119, 1705, 7402, 5640, 740, 32750, 3903, 7347, 1006, 28838, 23675, 30, 50931], "temperature": 0.0, "avg_logprob": -0.37637724699797453, "compression_ratio": 1.3742690058479532, "no_speech_prob": 0.26493707299232483}, {"id": 1, "seek": 0, "start": 15.84, "end": 16.94, "text": " \u0421\u0438\u043d\u0438\u0439 \u043d\u0430 256.", "tokens": [51157, 2933, 435, 15199, 1470, 38882, 13, 51212], "temperature": 0.0, "avg_logprob": -0.37637724699797453, "compression_ratio": 1.3742690058479532, "no_speech_prob": 0.26493707299232483}, {"id": 2, "seek": 0, "start": 23.94, "end": 28.46, "text": " \u0410\u0433\u0430. \u0422\u0430\u043a, \u0430 \u0440\u0430\u0441\u0447\u0435\u0442\u0447\u0438\u043a\u0438 \u0435\u0441\u0442\u044c, \u0434\u0430, \u0443 \u0432\u0430\u0441 \u043e\u0442 \u0431\u0430\u043d\u043a\u0430?", "tokens": [51562, 3450, 18706, 13, 8770, 11, 2559, 7459, 753, 1094, 41978, 5640, 11, 8995, 11, 1595, 10655, 2943, 29049, 2833, 30, 51788], "temperature": 0.0, "avg_logprob": -0.37637724699797453, "compression_ratio": 1.3742690058479532, "no_speech_prob": 0.26493707299232483}, {"id": 3, "seek": 3000, "start": 30.0, "end": 41.92, "text": " \u0410\u0433\u0430. \u041f\u043e\u043d\u044f\u0442\u043d\u043e. \u041b\u0430\u0434\u043d\u043e, \u0441\u043f\u0430\u0441\u0438\u0431\u043e \u0431\u043e\u043b\u044c\u0448\u043e\u0435, \u0432\u0441\u0435\u0433\u043e \u0434\u043e\u0431\u0440\u043e\u0433\u043e.", "tokens": [50365, 3450, 18706, 13, 36067, 19005, 13, 7853, 27225, 11, 37536, 46843, 11, 15520, 35620, 2350, 13, 50961], "temperature": 0.0, "avg_logprob": -0.15266842591135124, "compression_ratio": 1.1071428571428572, "no_speech_prob": 0.0004238727269694209}], "language": "Russian"}