{"text": " \u043c\u0430\u043a\u0441\u0438\u043c \u0434\u043e\u0431\u0440\u044b\u0439 \u0434\u0435\u043d\u044c \u0432\u0430\u0441 \u0431\u0435\u0441\u043f\u043e\u043a\u043e\u0438\u0442 \u043c\u0430\u0433\u0430\u0437\u0438\u043d\u0430 \u0438\u0437 \u043a\u0435\u0439\u0441 \u0437\u0432\u043e\u043d\u044e \u043f\u043e \u043f\u043e\u0432\u043e\u0434\u0443 \u0432\u0430\u0448\u0435\u0433\u043e \u0437\u0430\u043a\u0430\u0437\u0430 \u043d\u0430 \u043a\u043e\u043d\u0441\u0442\u0440\u0443\u043a\u0442\u043e\u0440 \u043b\u0435\u0433\u043e \u0442\u0435\u0445\u043d\u0438\u043a lamborghini huracan \u0441 \u0434\u043e\u0441\u0442\u0430\u0432\u043a\u043e\u0439 \u0432 \u0441\u0430\u043d\u043a\u0442-\u043f\u0435\u0442\u0435\u0440\u0431\u0443\u0440\u0433 \u0434\u043e \u0445\u043e\u0442\u0435\u043b \u043f\u043e\u0447\u0438\u043d\u0438\u0442\u044c \u0443 \u0432\u0430\u0441 \u0431\u0443\u0434\u0435\u0442 \u043a\u0430\u043a \u043e\u043f\u043b\u0430\u0442\u0430 \u043d\u0430 \u0441\u0430\u0439\u0442\u0435 \u0438\u043b\u0438 \u0436\u0435 \u043f\u0435\u0440\u0435\u0432\u043e\u0434\u0430 \u043d\u0430 \u043a\u0430\u0440\u0442\u0443 \u0432\u0441\u0435 \u0445\u043e\u0440\u043e\u0448\u043e \u0442\u043e\u0433\u0434\u0430 \u043a\u0430\u043a \u0442\u043e\u043b\u044c\u043a\u043e \u0432\u044b \u043e\u043f\u043b\u0430\u0442\u0438\u0442\u0435 \u043c\u044b \u0431\u0443\u0434\u0435\u043c \u043e\u0442\u043f\u0440\u0430\u0432\u043b\u044f\u0442\u044c \u0434\u043e \u0445\u043e\u0440\u043e\u0448\u0435\u0433\u043e \u0434\u043d\u044f \u0434\u043e \u0441\u0432\u0438\u0434\u0430\u043d\u0438\u044f \u0430", "segments": [{"id": 0, "seek": 0, "start": 0.0, "end": 6.24, "text": " \u043c\u0430\u043a\u0441\u0438\u043c \u0434\u043e\u0431\u0440\u044b\u0439 \u0434\u0435\u043d\u044c \u0432\u0430\u0441 \u0431\u0435\u0441\u043f\u043e\u043a\u043e\u0438\u0442 \u043c\u0430\u0433\u0430\u0437\u0438\u043d\u0430 \u0438\u0437 \u043a\u0435\u0439\u0441 \u0437\u0432\u043e\u043d\u044e \u043f\u043e \u043f\u043e\u0432\u043e\u0434\u0443 \u0432\u0430\u0448\u0435\u0433\u043e \u0437\u0430\u043a\u0430\u0437\u0430 \u043d\u0430", "tokens": [50365, 35564, 35620, 4851, 13509, 10655, 32971, 32622, 1635, 39771, 7861, 3943, 981, 2345, 461, 45832, 1148, 2801, 10499, 35749, 14536, 4353, 10264, 1990, 386, 1470, 50677], "temperature": 0.0, "avg_logprob": -0.19458330594576323, "compression_ratio": 1.859016393442623, "no_speech_prob": 0.07049490511417389}, {"id": 1, "seek": 0, "start": 6.24, "end": 11.28, "text": " \u043a\u043e\u043d\u0441\u0442\u0440\u0443\u043a\u0442\u043e\u0440 \u043b\u0435\u0433\u043e \u0442\u0435\u0445\u043d\u0438\u043a lamborghini huracan \u0441 \u0434\u043e\u0441\u0442\u0430\u0432\u043a\u043e\u0439 \u0432 \u0441\u0430\u043d\u043a\u0442-\u043f\u0435\u0442\u0435\u0440\u0431\u0443\u0440\u0433", "tokens": [50677, 6184, 36526, 2542, 2344, 4353, 16615, 9715, 10097, 4646, 45600, 2756, 326, 282, 776, 5865, 6938, 11565, 740, 776, 1416, 42964, 12, 1354, 1094, 41934, 7489, 1906, 50929], "temperature": 0.0, "avg_logprob": -0.19458330594576323, "compression_ratio": 1.859016393442623, "no_speech_prob": 0.07049490511417389}, {"id": 2, "seek": 0, "start": 11.28, "end": 20.0, "text": " \u0434\u043e \u0445\u043e\u0442\u0435\u043b \u043f\u043e\u0447\u0438\u043d\u0438\u0442\u044c \u0443 \u0432\u0430\u0441 \u0431\u0443\u0434\u0435\u0442 \u043a\u0430\u043a \u043e\u043f\u043b\u0430\u0442\u0430 \u043d\u0430 \u0441\u0430\u0439\u0442\u0435 \u0438\u043b\u0438 \u0436\u0435 \u043f\u0435\u0440\u0435\u0432\u043e\u0434\u0430 \u043d\u0430 \u043a\u0430\u0440\u0442\u0443 \u0432\u0441\u0435", "tokens": [50929, 5865, 27688, 12079, 20303, 1283, 1595, 10655, 7306, 3014, 7683, 693, 19808, 1470, 776, 10330, 8101, 6151, 28106, 22758, 1470, 13560, 13549, 4640, 51365], "temperature": 0.0, "avg_logprob": -0.19458330594576323, "compression_ratio": 1.859016393442623, "no_speech_prob": 0.07049490511417389}, {"id": 3, "seek": 0, "start": 20.0, "end": 27.900000000000002, "text": " \u0445\u043e\u0440\u043e\u0448\u043e \u0442\u043e\u0433\u0434\u0430 \u043a\u0430\u043a \u0442\u043e\u043b\u044c\u043a\u043e \u0432\u044b \u043e\u043f\u043b\u0430\u0442\u0438\u0442\u0435 \u043c\u044b \u0431\u0443\u0434\u0435\u043c \u043e\u0442\u043f\u0440\u0430\u0432\u043b\u044f\u0442\u044c \u0434\u043e \u0445\u043e\u0440\u043e\u0448\u0435\u0433\u043e \u0434\u043d\u044f \u0434\u043e \u0441\u0432\u0438\u0434\u0430\u043d\u0438\u044f", "tokens": [51365, 16977, 21696, 3014, 9008, 2840, 7683, 25834, 5878, 4777, 23213, 22344, 26086, 1283, 5865, 11436, 4353, 36115, 5865, 43666, 8831, 51760], "temperature": 0.0, "avg_logprob": -0.19458330594576323, "compression_ratio": 1.859016393442623, "no_speech_prob": 0.07049490511417389}, {"id": 4, "seek": 3000, "start": 30.0, "end": 32.0, "text": " \u0430", "tokens": [50365, 2559, 50465], "temperature": 0.0, "avg_logprob": -0.8860412836074829, "compression_ratio": 0.2, "no_speech_prob": 0.11577339470386505}], "language": "Russian"}