{"text": " \u0417\u0434\u0440\u0430\u0432\u0441\u0442\u0432\u0443\u0439\u0442\u0435. \u042f 1 \u043c\u0430\u044f \u043e\u0441\u0442\u0430\u0432\u043b\u044f\u043b\u0430 \u0441\u0432\u043e\u0439 \u041c\u0410\u041a \u043d\u0430 \u0440\u0435\u043c\u043e\u043d\u0442 \u043f\u043e \u0433\u0430\u0440\u0430\u043d\u0442\u0438\u0438. \u041c\u0430\u043a\u0441\u0438\u043c\u0443\u043c \u043d\u0430 1 \u043c\u0430\u0440\u0442\u0430. \u0421\u043f\u0430\u0441\u0438\u0431\u043e \u0431\u043e\u043b\u044c\u0448\u043e\u0435. \u041d\u0430 \u043f\u0440\u043e\u0448\u043b\u044b\u0439 \u0440\u0430\u0437 \u044f \u0442\u0430\u043a \u0437\u0432\u043e\u043d\u0438\u043b\u0430 \u043f\u043e\u043b\u0442\u043e\u0440\u0430 \u043d\u0435\u0434\u0435\u043b\u0438 \u043d\u0430\u0437\u0430\u0434, \u0430 \u043c\u043d\u0435 \u0432 \u0438\u0442\u043e\u0433\u0435 \u043d\u0435 \u043f\u0435\u0440\u0435\u0437\u0432\u043e\u043d\u0438\u043b \u043d\u0438\u043a\u0442\u043e. \u0425\u043e\u0440\u043e\u0448\u043e, \u0441\u043f\u0430\u0441\u0438\u0431\u043e.", "segments": [{"id": 0, "seek": 0, "start": 0.0, "end": 9.22, "text": " \u0417\u0434\u0440\u0430\u0432\u0441\u0442\u0432\u0443\u0439\u0442\u0435. \u042f 1 \u043c\u0430\u044f \u043e\u0441\u0442\u0430\u0432\u043b\u044f\u043b\u0430 \u0441\u0432\u043e\u0439 \u041c\u0410\u041a \u043d\u0430 \u0440\u0435\u043c\u043e\u043d\u0442 \u043f\u043e \u0433\u0430\u0440\u0430\u043d\u0442\u0438\u0438.", "tokens": [50365, 17613, 36359, 13, 4857, 502, 1084, 4251, 1000, 17560, 4989, 25190, 3493, 5594, 8169, 1470, 1475, 35786, 403, 2801, 38470, 47483, 435, 13, 50826], "temperature": 0.0, "avg_logprob": -0.3171812506283031, "compression_ratio": 1.6616915422885572, "no_speech_prob": 0.4622093439102173}, {"id": 1, "seek": 0, "start": 9.22, "end": 12.6, "text": " \u041c\u0430\u043a\u0441\u0438\u043c\u0443\u043c \u043d\u0430 1 \u043c\u0430\u0440\u0442\u0430.", "tokens": [50826, 3493, 28630, 5525, 1470, 502, 31609, 10788, 13, 50995], "temperature": 0.0, "avg_logprob": -0.3171812506283031, "compression_ratio": 1.6616915422885572, "no_speech_prob": 0.4622093439102173}, {"id": 2, "seek": 0, "start": 15.82, "end": 25.84, "text": " \u0421\u043f\u0430\u0441\u0438\u0431\u043e \u0431\u043e\u043b\u044c\u0448\u043e\u0435. \u041d\u0430 \u043f\u0440\u043e\u0448\u043b\u044b\u0439 \u0440\u0430\u0437 \u044f \u0442\u0430\u043a \u0437\u0432\u043e\u043d\u0438\u043b\u0430 \u043f\u043e\u043b\u0442\u043e\u0440\u0430 \u043d\u0435\u0434\u0435\u043b\u0438 \u043d\u0430\u0437\u0430\u0434,", "tokens": [51156, 29219, 46843, 13, 11245, 48596, 4851, 4203, 2552, 2936, 45832, 10578, 4692, 26250, 15704, 8334, 28724, 11, 51657], "temperature": 0.0, "avg_logprob": -0.3171812506283031, "compression_ratio": 1.6616915422885572, "no_speech_prob": 0.4622093439102173}, {"id": 3, "seek": 0, "start": 25.92, "end": 27.3, "text": " \u0430 \u043c\u043d\u0435 \u0432 \u0438\u0442\u043e\u0433\u0435 \u043d\u0435 \u043f\u0435\u0440\u0435\u0437\u0432\u043e\u043d\u0438\u043b \u043d\u0438\u043a\u0442\u043e.", "tokens": [51661, 2559, 8531, 740, 44063, 1725, 4321, 3634, 39672, 2338, 31666, 13, 51730], "temperature": 0.0, "avg_logprob": -0.3171812506283031, "compression_ratio": 1.6616915422885572, "no_speech_prob": 0.4622093439102173}, {"id": 4, "seek": 3000, "start": 30.0, "end": 34.12, "text": " \u0425\u043e\u0440\u043e\u0448\u043e, \u0441\u043f\u0430\u0441\u0438\u0431\u043e.", "tokens": [50365, 37564, 11, 37536, 13, 50571], "temperature": 0.0, "avg_logprob": -0.4513856683458601, "compression_ratio": 0.8055555555555556, "no_speech_prob": 0.0011694332351908088}], "language": "Russian"}