{"text": " \u0414\u043e\u0431\u0440\u044b\u0439 \u0434\u0435\u043d\u044c, \u043c\u0430\u0433\u0430\u0437\u0438\u043d AceCase. \u041c\u0435\u043d\u044f \u0437\u043e\u0432\u0443\u0442 \u0414\u043c\u0438\u0442\u0440\u0438\u0439. \u0427\u0435\u043c\u0443 \u043c\u043e\u0433\u0443 \u043f\u043e\u043c\u043e\u0447\u044c? \u041a\u0430\u043a\u043e\u0439 \u043c\u0430\u0433\u0430\u0437\u0438\u043d? \u041d\u0430 \u041a\u0430\u0440\u043b\u043e \u041c\u0430\u0440\u0441 55? \u0414\u0430\u0432\u0430\u0439\u0442\u0435 \u044f \u0441\u0435\u0439\u0447\u0430\u0441 \u043f\u0435\u0440\u0435\u0434\u0430\u043c \u0432\u0430\u0448 \u043d\u043e\u043c\u0435\u0440 \u0442\u0435\u043b\u0435\u0444\u043e\u043d\u0430 \u043d\u0430 \u041a\u0430\u0440\u043b\u043e \u041c\u0430\u0440\u0441 55, \u0438 \u0440\u0435\u0431\u044f\u0442\u0430 \u0432\u0430\u043c \u043f\u0435\u0440\u0435\u0437\u0432\u043e\u043d\u044f\u0442 \u043f\u043e \u0440\u0435\u043c\u043e\u043d\u0442\u0443. \u042f \u043f\u043e\u043d\u044f\u043b. \u0425\u043e\u0440\u043e\u0448\u043e, \u043b\u0430\u0434\u043d\u043e, \u0441\u0435\u0439\u0447\u0430\u0441 \u044f \u0440\u0435\u0431\u044f\u0442\u0430\u043c \u043f\u0435\u0440\u0435\u0434\u0430\u043c \u0438\u043d\u0444\u043e\u0440\u043c\u0430\u0446\u0438\u044e. \u0414\u043e \u0441\u0432\u0438\u0434\u0430\u043d\u0438\u044f.", "segments": [{"id": 0, "seek": 0, "start": 0.0, "end": 2.7800000000000002, "text": " \u0414\u043e\u0431\u0440\u044b\u0439 \u0434\u0435\u043d\u044c, \u043c\u0430\u0433\u0430\u0437\u0438\u043d AceCase. \u041c\u0435\u043d\u044f \u0437\u043e\u0432\u0443\u0442 \u0414\u043c\u0438\u0442\u0440\u0438\u0439. \u0427\u0435\u043c\u0443 \u043c\u043e\u0433\u0443 \u043f\u043e\u043c\u043e\u0447\u044c?", "tokens": [50365, 3401, 13829, 4851, 13509, 11, 39771, 2599, 24900, 34, 651, 13, 47311, 46376, 3401, 919, 1635, 50161, 13, 7099, 8339, 22951, 8613, 27497, 30, 50504], "temperature": 0.0, "avg_logprob": -0.2789631144205729, "compression_ratio": 1.5825688073394495, "no_speech_prob": 0.26165711879730225}, {"id": 1, "seek": 0, "start": 9.64, "end": 10.52, "text": " \u041a\u0430\u043a\u043e\u0439 \u043c\u0430\u0433\u0430\u0437\u0438\u043d?", "tokens": [50847, 11011, 1700, 39771, 2599, 30, 50891], "temperature": 0.0, "avg_logprob": -0.2789631144205729, "compression_ratio": 1.5825688073394495, "no_speech_prob": 0.26165711879730225}, {"id": 2, "seek": 0, "start": 13.8, "end": 14.98, "text": " \u041d\u0430 \u041a\u0430\u0440\u043b\u043e \u041c\u0430\u0440\u0441 55?", "tokens": [51055, 11245, 43923, 4610, 26182, 461, 12330, 30, 51114], "temperature": 0.0, "avg_logprob": -0.2789631144205729, "compression_ratio": 1.5825688073394495, "no_speech_prob": 0.26165711879730225}, {"id": 3, "seek": 0, "start": 17.22, "end": 21.98, "text": " \u0414\u0430\u0432\u0430\u0439\u0442\u0435 \u044f \u0441\u0435\u0439\u0447\u0430\u0441 \u043f\u0435\u0440\u0435\u0434\u0430\u043c \u0432\u0430\u0448 \u043d\u043e\u043c\u0435\u0440 \u0442\u0435\u043b\u0435\u0444\u043e\u043d\u0430 \u043d\u0430 \u041a\u0430\u0440\u043b\u043e \u041c\u0430\u0440\u0441 55, \u0438 \u0440\u0435\u0431\u044f\u0442\u0430 \u0432\u0430\u043c \u043f\u0435\u0440\u0435\u0437\u0432\u043e\u043d\u044f\u0442 \u043f\u043e \u0440\u0435\u043c\u043e\u043d\u0442\u0443.", "tokens": [51226, 30487, 2552, 10241, 15621, 1685, 14536, 36847, 1135, 33356, 14411, 1470, 43923, 4610, 26182, 461, 12330, 11, 1006, 37678, 10448, 4321, 3634, 39672, 4558, 2801, 1475, 35786, 13549, 13, 51464], "temperature": 0.0, "avg_logprob": -0.2789631144205729, "compression_ratio": 1.5825688073394495, "no_speech_prob": 0.26165711879730225}, {"id": 4, "seek": 2198, "start": 21.98, "end": 32.44, "text": " \u042f \u043f\u043e\u043d\u044f\u043b. \u0425\u043e\u0440\u043e\u0448\u043e, \u043b\u0430\u0434\u043d\u043e, \u0441\u0435\u0439\u0447\u0430\u0441 \u044f \u0440\u0435\u0431\u044f\u0442\u0430\u043c \u043f\u0435\u0440\u0435\u0434\u0430\u043c \u0438\u043d\u0444\u043e\u0440\u043c\u0430\u0446\u0438\u044e.", "tokens": [50365, 4857, 37975, 13, 37564, 11, 44107, 11, 10241, 2552, 18902, 4558, 1685, 15621, 1685, 29117, 28254, 13, 50888], "temperature": 0.0, "avg_logprob": -0.16096012408916766, "compression_ratio": 1.2242990654205608, "no_speech_prob": 0.0007264527375809848}, {"id": 5, "seek": 2198, "start": 34.260000000000005, "end": 35.120000000000005, "text": " \u0414\u043e \u0441\u0432\u0438\u0434\u0430\u043d\u0438\u044f.", "tokens": [50979, 31695, 43666, 8831, 13, 51022], "temperature": 0.0, "avg_logprob": -0.16096012408916766, "compression_ratio": 1.2242990654205608, "no_speech_prob": 0.0007264527375809848}], "language": "Russian"}