{"text": " \u0430\u043b\u0435\u043a\u0441\u0430\u043d\u0434\u0440 \u0434\u043e\u0431\u0440\u044b\u0439 \u0434\u0435\u043d\u044c \u043f\u043e\u0434\u0441\u043a\u0430\u0436\u0438\u0442\u0435 \u043f\u043e\u0436\u0430\u043b\u0443\u0439\u0441\u0442\u0430 \u0440\u0430\u0437\u0431\u0438\u043b\u0438 \u0437\u0430\u0434\u043d\u044e\u044e \u043f\u0430\u043d\u0435\u043b\u044c \u043d\u0430 \u043e\u0434\u0438\u043d\u043d\u0430\u0434\u0446\u0430\u0442\u043e\u043c \u0430\u0439\u0444\u043e\u043d\u0435 \u0443 \u0432\u0430\u0441 \u043c\u043e\u0436\u043d\u043e \u043f\u043e\u0447\u0438\u043d\u0438\u0442\u044c\u0441\u044f \u0438 \u0432\u0438\u043b\u043a\u0430 \u0446\u0435\u043d\u044b \u043a\u0430\u043a\u0430\u044f \u0431\u0443\u0434\u0435\u0442 \u0431\u0435\u043b\u044b\u0439 \u0438 \u0435\u0449\u0435 \u043a\u0430\u043c\u0435\u0440\u0430 \u0432\u0435\u0440\u0445\u043d\u044f\u044f \u043a\u0430\u043c\u0435\u0440\u0430 \u0440\u0430\u0437\u0431\u0438\u0442\u043e \u0441\u0442\u0435\u043a\u043b\u043e \u043d\u043e \u043a\u0430\u043c\u0435\u0440\u0430 \u0440\u0430\u0431\u043e\u0442\u0430\u0435\u0442 \u0430 \u0430 \u0430 \u043d\u0443 \u0442\u043e \u0435\u0441\u0442\u044c 55 \u043f\u043e\u043b\u043e\u0432\u0438\u043d\u0430 \u043e\u0440\u0438\u0435\u043d\u0442\u0438\u0440\u043e\u0432\u043e\u0447\u043d\u043e \u044f \u0432\u0430\u0441 \u043f\u043e\u043d\u044f\u043b \u0441\u043f\u0430\u0441\u0438\u0431\u043e \u043d\u0430 \u0433\u0435\u0440\u043e\u0439 \u043d\u0430 \u0433\u0435\u043e\u0440\u0433\u0438\u044f \u0434\u043c\u0438\u0442\u0440\u043e\u0432\u0430 \u0442\u0430\u043c \u0434\u0430 \u0432\u0441\u0435 \u0441\u043f\u0430\u0441\u0438\u0431\u043e \u0431\u043e\u043b\u044c\u0448\u043e\u0435", "segments": [{"id": 0, "seek": 0, "start": 0.0, "end": 7.74, "text": " \u0430\u043b\u0435\u043a\u0441\u0430\u043d\u0434\u0440 \u0434\u043e\u0431\u0440\u044b\u0439 \u0434\u0435\u043d\u044c \u043f\u043e\u0434\u0441\u043a\u0430\u0436\u0438\u0442\u0435 \u043f\u043e\u0436\u0430\u043b\u0443\u0439\u0441\u0442\u0430 \u0440\u0430\u0437\u0431\u0438\u043b\u0438 \u0437\u0430\u0434\u043d\u044e\u044e \u043f\u0430\u043d\u0435\u043b\u044c \u043d\u0430", "tokens": [50365, 2559, 24065, 12551, 481, 35620, 4851, 13509, 4095, 4218, 3234, 5878, 32518, 26868, 5435, 14787, 18672, 1148, 713, 1416, 3908, 1470, 50752], "temperature": 0.0, "avg_logprob": -0.15833516915639242, "compression_ratio": 1.8173076923076923, "no_speech_prob": 0.12898172438144684}, {"id": 1, "seek": 0, "start": 7.74, "end": 12.780000000000001, "text": " \u043e\u0434\u0438\u043d\u043d\u0430\u0434\u0446\u0430\u0442\u043e\u043c \u0430\u0439\u0444\u043e\u043d\u0435 \u0443 \u0432\u0430\u0441 \u043c\u043e\u0436\u043d\u043e \u043f\u043e\u0447\u0438\u043d\u0438\u0442\u044c\u0441\u044f \u0438 \u0432\u0438\u043b\u043a\u0430 \u0446\u0435\u043d\u044b \u043a\u0430\u043a\u0430\u044f \u0431\u0443\u0434\u0435\u0442", "tokens": [50752, 13319, 489, 42208, 2134, 1253, 2559, 1644, 3619, 25561, 1595, 10655, 8885, 12079, 20303, 14706, 1006, 740, 2338, 2833, 5188, 16148, 29334, 7306, 51004], "temperature": 0.0, "avg_logprob": -0.15833516915639242, "compression_ratio": 1.8173076923076923, "no_speech_prob": 0.12898172438144684}, {"id": 2, "seek": 0, "start": 12.780000000000001, "end": 24.560000000000002, "text": " \u0431\u0435\u043b\u044b\u0439 \u0438 \u0435\u0449\u0435 \u043a\u0430\u043c\u0435\u0440\u0430 \u0432\u0435\u0440\u0445\u043d\u044f\u044f \u043a\u0430\u043c\u0435\u0440\u0430 \u0440\u0430\u0437\u0431\u0438\u0442\u043e \u0441\u0442\u0435\u043a\u043b\u043e \u043d\u043e \u043a\u0430\u043c\u0435\u0440\u0430 \u0440\u0430\u0431\u043e\u0442\u0430\u0435\u0442", "tokens": [51004, 29430, 4851, 1006, 9910, 21477, 13126, 47758, 41884, 21477, 13126, 26868, 435, 860, 3266, 2872, 4610, 6035, 21477, 13126, 30162, 51593], "temperature": 0.0, "avg_logprob": -0.15833516915639242, "compression_ratio": 1.8173076923076923, "no_speech_prob": 0.12898172438144684}, {"id": 3, "seek": 2456, "start": 24.56, "end": 26.56, "text": " \u0430", "tokens": [50365, 2559, 50465], "temperature": 0.0, "avg_logprob": -0.4775047302246094, "compression_ratio": 1.0704225352112675, "no_speech_prob": 0.0004878290928900242}, {"id": 4, "seek": 2456, "start": 47.54, "end": 49.54, "text": " \u0430", "tokens": [51514, 2559, 51614], "temperature": 0.0, "avg_logprob": -0.4775047302246094, "compression_ratio": 1.0704225352112675, "no_speech_prob": 0.0004878290928900242}, {"id": 5, "seek": 2456, "start": 51.84, "end": 54.3, "text": " \u0430 \u043d\u0443 \u0442\u043e \u0435\u0441\u0442\u044c 55 \u043f\u043e\u043b\u043e\u0432\u0438\u043d\u0430 \u043e\u0440\u0438\u0435\u043d\u0442\u0438\u0440\u043e\u0432\u043e\u0447\u043d\u043e", "tokens": [51729, 2559, 13087, 4572, 5640, 12330, 39884, 7861, 1000, 4679, 1008, 34996, 47083, 51852], "temperature": 0.0, "avg_logprob": -0.4775047302246094, "compression_ratio": 1.0704225352112675, "no_speech_prob": 0.0004878290928900242}, {"id": 6, "seek": 5456, "start": 54.56, "end": 64.5, "text": " \u044f \u0432\u0430\u0441 \u043f\u043e\u043d\u044f\u043b \u0441\u043f\u0430\u0441\u0438\u0431\u043e \u043d\u0430 \u0433\u0435\u0440\u043e\u0439 \u043d\u0430 \u0433\u0435\u043e\u0440\u0433\u0438\u044f \u0434\u043c\u0438\u0442\u0440\u043e\u0432\u0430 \u0442\u0430\u043c \u0434\u0430 \u0432\u0441\u0435 \u0441\u043f\u0430\u0441\u0438\u0431\u043e \u0431\u043e\u043b\u044c\u0448\u043e\u0435", "tokens": [50365, 2552, 10655, 37975, 37536, 1470, 2342, 1135, 1700, 1470, 2342, 387, 1717, 1906, 7409, 1070, 919, 1635, 6680, 386, 8223, 8995, 4640, 37536, 46843, 50862], "temperature": 0.0, "avg_logprob": -0.21323666749177156, "compression_ratio": 1.4731182795698925, "no_speech_prob": 0.0006511223036795855}], "language": "Russian"}