{"text": " \u0414\u043e\u0431\u0440\u044b\u0439 \u0434\u0435\u043d\u044c, \u043c\u0430\u0433\u0430\u0437\u0438\u043d IceCase. \u041c\u0435\u043d\u044f \u0437\u043e\u0432\u0443\u0442 \u0414\u043c\u0438\u0442\u0440\u0438\u0439. \u0427\u0435\u043c \u043c\u043e\u0433\u0443 \u043f\u043e\u043c\u043e\u0447\u044c? \u041c\u044b \u0442\u043e\u043b\u044c\u043a\u043e \u0432 \u0421\u0430\u043c\u0430\u0440\u0435 \u043d\u0430\u0445\u043e\u0434\u0438\u043c\u0441\u044f, \u0434\u0430. \u0410 Wi-Fi \u0440\u043e\u0443\u0442\u0435\u0440 Xiaomi \u0432\u0430\u0441 \u0438\u043d\u0442\u0435\u0440\u0435\u0441\u0443\u0435\u0442? \u0422\u0430\u043a, AX6000. \u0414\u0430, \u0435\u0441\u0442\u044c \u0432 \u043d\u0430\u043b\u0438\u0447\u0438\u0438. 8990. \u041c\u044b \u0441 \u044e\u0440\u043b\u0438\u0446\u0430\u043c\u0438 \u043d\u0435 \u0440\u0430\u0431\u043e\u0442\u0430\u0435\u043c. \u041c\u044b \u0441 \u044e\u0440\u043b\u0438\u0446\u0430\u043c\u0438 \u043d\u0435 \u0440\u0430\u0431\u043e\u0442\u0430\u0435\u043c. \u041c\u044b \u0441 \u044e\u0440\u043b\u0438\u0446\u0430\u043c\u0438 \u0438 \u0441 \u041d\u0414\u0421 \u043d\u0435 \u0440\u0430\u0431\u043e\u0442\u0430\u0435\u043c. \u0414\u0430. \u0425\u043e\u0440\u043e\u0448\u043e, \u0434\u043e \u0441\u0432\u0438\u0434\u0430\u043d\u0438\u044f.", "segments": [{"id": 0, "seek": 0, "start": 0.0, "end": 2.56, "text": " \u0414\u043e\u0431\u0440\u044b\u0439 \u0434\u0435\u043d\u044c, \u043c\u0430\u0433\u0430\u0437\u0438\u043d IceCase. \u041c\u0435\u043d\u044f \u0437\u043e\u0432\u0443\u0442 \u0414\u043c\u0438\u0442\u0440\u0438\u0439. \u0427\u0435\u043c \u043c\u043e\u0433\u0443 \u043f\u043e\u043c\u043e\u0447\u044c?", "tokens": [50365, 3401, 13829, 4851, 13509, 11, 39771, 2599, 15332, 34, 651, 13, 47311, 46376, 3401, 919, 1635, 50161, 13, 7099, 1504, 22951, 8613, 27497, 30, 50493], "temperature": 0.0, "avg_logprob": -0.14587643146514892, "compression_ratio": 1.178082191780822, "no_speech_prob": 0.06821794807910919}, {"id": 1, "seek": 0, "start": 9.46, "end": 11.36, "text": " \u041c\u044b \u0442\u043e\u043b\u044c\u043a\u043e \u0432 \u0421\u0430\u043c\u0430\u0440\u0435 \u043d\u0430\u0445\u043e\u0434\u0438\u043c\u0441\u044f, \u0434\u0430.", "tokens": [50838, 12726, 9008, 740, 31152, 2222, 387, 19363, 32455, 11, 8995, 13, 50933], "temperature": 0.0, "avg_logprob": -0.14587643146514892, "compression_ratio": 1.178082191780822, "no_speech_prob": 0.06821794807910919}, {"id": 2, "seek": 3000, "start": 30.0, "end": 33.44, "text": " \u0410 Wi-Fi \u0440\u043e\u0443\u0442\u0435\u0440 Xiaomi \u0432\u0430\u0441 \u0438\u043d\u0442\u0435\u0440\u0435\u0441\u0443\u0435\u0442?", "tokens": [50365, 3450, 14035, 12, 13229, 49493, 3767, 1135, 33806, 10655, 15033, 17781, 30, 50537], "temperature": 0.0, "avg_logprob": -0.3142973780632019, "compression_ratio": 1.4217687074829932, "no_speech_prob": 0.04399294778704643}, {"id": 3, "seek": 3000, "start": 42.44, "end": 45.5, "text": " \u0422\u0430\u043a, AX6000. \u0414\u0430, \u0435\u0441\u0442\u044c \u0432 \u043d\u0430\u043b\u0438\u0447\u0438\u0438.", "tokens": [50987, 8770, 11, 316, 55, 21, 1360, 13, 9149, 11, 5640, 740, 32750, 3903, 7347, 13, 51140], "temperature": 0.0, "avg_logprob": -0.3142973780632019, "compression_ratio": 1.4217687074829932, "no_speech_prob": 0.04399294778704643}, {"id": 4, "seek": 3000, "start": 50.08, "end": 50.879999999999995, "text": " 8990.", "tokens": [51369, 31877, 7771, 13, 51409], "temperature": 0.0, "avg_logprob": -0.3142973780632019, "compression_ratio": 1.4217687074829932, "no_speech_prob": 0.04399294778704643}, {"id": 5, "seek": 3000, "start": 54.879999999999995, "end": 56.64, "text": " \u041c\u044b \u0441 \u044e\u0440\u043b\u0438\u0446\u0430\u043c\u0438 \u043d\u0435 \u0440\u0430\u0431\u043e\u0442\u0430\u0435\u043c.", "tokens": [51609, 12726, 776, 29488, 481, 1675, 1814, 5150, 1725, 9197, 7906, 13, 51697], "temperature": 0.0, "avg_logprob": -0.3142973780632019, "compression_ratio": 1.4217687074829932, "no_speech_prob": 0.04399294778704643}, {"id": 6, "seek": 3000, "start": 59.08, "end": 59.980000000000004, "text": " \u041c\u044b \u0441 \u044e\u0440\u043b\u0438\u0446\u0430\u043c\u0438 \u043d\u0435 \u0440\u0430\u0431\u043e\u0442\u0430\u0435\u043c.", "tokens": [51819, 12726, 776, 29488, 481, 1675, 1814, 5150, 1725, 9197, 7906, 13, 51864], "temperature": 0.0, "avg_logprob": -0.3142973780632019, "compression_ratio": 1.4217687074829932, "no_speech_prob": 0.04399294778704643}, {"id": 7, "seek": 5998, "start": 59.98, "end": 62.08, "text": " \u041c\u044b \u0441 \u044e\u0440\u043b\u0438\u0446\u0430\u043c\u0438 \u0438 \u0441 \u041d\u0414\u0421 \u043d\u0435 \u0440\u0430\u0431\u043e\u0442\u0430\u0435\u043c.", "tokens": [50365, 12726, 776, 29488, 481, 1675, 1814, 5150, 1006, 776, 2410, 8442, 8068, 1725, 9197, 7906, 13, 50470], "temperature": 0.0, "avg_logprob": -0.242557248761577, "compression_ratio": 1.10752688172043, "no_speech_prob": 0.0008167048217728734}, {"id": 8, "seek": 5998, "start": 64.75999999999999, "end": 65.36, "text": " \u0414\u0430.", "tokens": [50604, 9149, 13, 50634], "temperature": 0.0, "avg_logprob": -0.242557248761577, "compression_ratio": 1.10752688172043, "no_speech_prob": 0.0008167048217728734}, {"id": 9, "seek": 5998, "start": 68.96, "end": 70.17999999999999, "text": " \u0425\u043e\u0440\u043e\u0448\u043e, \u0434\u043e \u0441\u0432\u0438\u0434\u0430\u043d\u0438\u044f.", "tokens": [50814, 37564, 11, 5865, 43666, 8831, 13, 50875], "temperature": 0.0, "avg_logprob": -0.242557248761577, "compression_ratio": 1.10752688172043, "no_speech_prob": 0.0008167048217728734}], "language": "Russian"}