{"text": " \u0414\u043e\u0431\u0440\u044b\u0439 \u0434\u0435\u043d\u044c, \u043c\u0430\u0433\u0430\u0437\u0438\u043d \u042d\u0441\u043a\u0435\u0439\u0441. \u041c\u0435\u043d\u044f \u0437\u043e\u0432\u0443\u0442 \u0410\u043b\u0435\u043a\u0441\u0430\u043d\u0434\u0440. \u0427\u0435\u043c \u044f \u043c\u043e\u0433\u0443 \u043f\u043e\u043c\u043e\u0447\u044c? \u041d\u0435\u0442, \u044d\u0442\u043e \u043e\u0431\u0449\u0430\u044f \u0433\u043e\u0440\u044f\u0447\u0430\u044f \u043b\u0438\u043d\u0438\u044f. \u041a\u043e\u043a\u043e\u0441. \u0410, \u043a\u0430\u0440\u0442\u0443 \u043e\u0441\u0442\u0430\u0432\u0438\u043b\u0438. \u042f \u043f\u043e\u043d\u044f\u043b. \u041e\u0434\u043d\u0443 \u043c\u0438\u043d\u0443\u0442\u0443, \u0430 \u0442\u043e \u0441\u0435\u0439\u0447\u0430\u0441 \u043f\u0435\u0440\u0435\u0437\u0432\u043e\u043d\u044f\u0442.", "segments": [{"id": 0, "seek": 0, "start": 0.0, "end": 2.44, "text": " \u0414\u043e\u0431\u0440\u044b\u0439 \u0434\u0435\u043d\u044c, \u043c\u0430\u0433\u0430\u0437\u0438\u043d \u042d\u0441\u043a\u0435\u0439\u0441. \u041c\u0435\u043d\u044f \u0437\u043e\u0432\u0443\u0442 \u0410\u043b\u0435\u043a\u0441\u0430\u043d\u0434\u0440. \u0427\u0435\u043c \u044f \u043c\u043e\u0433\u0443 \u043f\u043e\u043c\u043e\u0447\u044c?", "tokens": [50365, 3401, 13829, 4851, 13509, 11, 39771, 2599, 5381, 4218, 2345, 461, 13, 47311, 46376, 44938, 481, 13, 7099, 1504, 2552, 22951, 8613, 27497, 30, 50487], "temperature": 0.0, "avg_logprob": -0.25097887280961156, "compression_ratio": 1.515, "no_speech_prob": 0.139463409781456}, {"id": 1, "seek": 0, "start": 11.36, "end": 12.8, "text": " \u041d\u0435\u0442, \u044d\u0442\u043e \u043e\u0431\u0449\u0430\u044f \u0433\u043e\u0440\u044f\u0447\u0430\u044f \u043b\u0438\u043d\u0438\u044f.", "tokens": [50933, 21249, 11, 2691, 17224, 4251, 6778, 22533, 753, 4251, 7444, 1903, 681, 13, 51005], "temperature": 0.0, "avg_logprob": -0.25097887280961156, "compression_ratio": 1.515, "no_speech_prob": 0.139463409781456}, {"id": 2, "seek": 0, "start": 15.8, "end": 20.92, "text": " \u041a\u043e\u043a\u043e\u0441. \u0410, \u043a\u0430\u0440\u0442\u0443 \u043e\u0441\u0442\u0430\u0432\u0438\u043b\u0438. \u042f \u043f\u043e\u043d\u044f\u043b. \u041e\u0434\u043d\u0443 \u043c\u0438\u043d\u0443\u0442\u0443, \u0430 \u0442\u043e \u0441\u0435\u0439\u0447\u0430\u0441 \u043f\u0435\u0440\u0435\u0437\u0432\u043e\u043d\u044f\u0442.", "tokens": [51155, 3422, 2637, 1885, 13, 3450, 11, 13560, 13549, 25969, 5435, 13, 4857, 37975, 13, 20125, 7537, 24498, 585, 11, 2559, 4572, 10241, 4321, 3634, 39672, 4558, 13, 51411], "temperature": 0.0, "avg_logprob": -0.25097887280961156, "compression_ratio": 1.515, "no_speech_prob": 0.139463409781456}], "language": "Russian"}