{"text": " \u0410\u043b\u043b\u043e, \u0434\u0430, \u0434\u0430. \u0422\u0430\u043a, \u0430 \u043c\u043e\u0436\u043d\u043e \u0442\u043e\u0433\u0434\u0430 \u0437\u0430\u0431\u0440\u0430\u0442\u044c \u0432 \u0434\u0440\u0443\u0433\u043e\u043c \u043c\u0435\u0441\u0442\u0435? \u041d\u0435\u0442? \u0422\u0430\u043a, \u0432\u043e\u0442 \u0441\u043c\u043e\u0442\u0440\u0438\u0442\u0435, \u043c\u043d\u0435 \u0443\u0434\u043e\u0431\u043d\u043e \u043d\u0430\u2026 \u043e\u0439, \u0433\u043e\u0441\u043f\u043e\u0434\u0438, \u043a\u0430\u043a \u044d\u0442\u043e \u0443\u043b\u0438\u0446\u0430? \u0414\u0438\u043c\u0438\u0442\u0440\u043e\u0432\u043e. \u0414\u0430, \u0442\u0443\u0434\u0430 \u043c\u043e\u0436\u043d\u043e. \u0422\u043e \u0435\u0441\u0442\u044c, \u0434\u0430. \u041d\u0443, \u044f \u043a\u0430\u043a \u0431\u044b \u0432\u0430\u043c \u0434\u043e\u0432\u0435\u0440\u044f\u044e, \u044f \u0432 \u044d\u0442\u043e\u043c \u043d\u0438\u0447\u0435\u0433\u043e \u043d\u0435 \u043f\u043e\u043d\u0438\u043c\u0430\u044e, \u043d\u043e \u0434\u0430. \u0412\u0441\u0435 \u043e\u043a\u0435\u0439. \u0410 \u0442\u0430\u043c \u043a\u0430\u043a\u0438\u0435-\u0442\u043e \u0435\u0449\u0435 \u0430\u043a\u0441\u0435\u0441\u0441\u0443\u0430\u0440\u044b \u043a \u043d\u0438\u043c, \u0438 \u044f \u0441\u043c\u043e\u0433\u0443 \u043a\u0443\u043f\u0438\u0442\u044c \u0442\u043e\u0436\u0435. \u0422\u0430\u043a, \u043d\u0443, \u0432 \u043e\u0431\u0449\u0435\u043c, \u0442\u043e\u0433\u0434\u0430 \u043d\u0430 \u0432\u043e\u0441\u043a\u0440\u0435\u0441\u0435\u043d\u044c\u0435 \u043d\u0430 \u0414\u0438\u043c\u0438\u0442\u0440\u043e\u0432\u043e, \u0442\u0430\u043c, 10, \u0447\u0442\u043e \u043b\u0438, \u0434\u0430, \u043c\u043e\u0436\u043d\u043e \u043f\u043e\u0434\u044a\u0435\u0445\u0430\u0442\u044c. \u041d\u0430\u043b\u0438\u0447\u043d\u044b\u043c\u0438 \u043e\u043f\u043b\u0430\u0442\u0430. \u0412\u0441\u0435 \u043e\u043a\u0435\u0439, \u044f \u043f\u043e\u043d\u044f\u043b\u0430. \u0421\u043f\u0430\u0441\u0438\u0431\u043e \u0431\u043e\u043b\u044c\u0448\u043e\u0435. \u0414\u0430, \u0432\u0430\u043c \u0442\u043e\u0436\u0435 \u0434\u043e\u0441\u0442\u0430\u043d\u0435\u043c. \u0421\u043f\u0430\u0441\u0438\u0431\u043e.", "segments": [{"id": 0, "seek": 0, "start": 0.0, "end": 3.38, "text": " \u0410\u043b\u043b\u043e, \u0434\u0430, \u0434\u0430.", "tokens": [50365, 43104, 4610, 11, 8995, 11, 8995, 13, 50534], "temperature": 0.0, "avg_logprob": -0.32224007310538455, "compression_ratio": 1.4444444444444444, "no_speech_prob": 0.06948065757751465}, {"id": 1, "seek": 0, "start": 13.620000000000001, "end": 16.78, "text": " \u0422\u0430\u043a, \u0430 \u043c\u043e\u0436\u043d\u043e \u0442\u043e\u0433\u0434\u0430 \u0437\u0430\u0431\u0440\u0430\u0442\u044c \u0432 \u0434\u0440\u0443\u0433\u043e\u043c \u043c\u0435\u0441\u0442\u0435? \u041d\u0435\u0442?", "tokens": [51046, 8770, 11, 2559, 8885, 21696, 13890, 30260, 740, 8435, 1253, 36534, 30, 21249, 30, 51204], "temperature": 0.0, "avg_logprob": -0.32224007310538455, "compression_ratio": 1.4444444444444444, "no_speech_prob": 0.06948065757751465}, {"id": 2, "seek": 0, "start": 19.5, "end": 25.7, "text": " \u0422\u0430\u043a, \u0432\u043e\u0442 \u0441\u043c\u043e\u0442\u0440\u0438\u0442\u0435, \u043c\u043d\u0435 \u0443\u0434\u043e\u0431\u043d\u043e \u043d\u0430\u2026 \u043e\u0439, \u0433\u043e\u0441\u043f\u043e\u0434\u0438, \u043a\u0430\u043a \u044d\u0442\u043e \u0443\u043b\u0438\u0446\u0430? \u0414\u0438\u043c\u0438\u0442\u0440\u043e\u0432\u043e.", "tokens": [51340, 8770, 11, 5505, 46441, 11, 8531, 35943, 1234, 1470, 1260, 1000, 1644, 11, 6778, 6461, 1435, 435, 11, 3014, 2691, 36639, 11530, 30, 3401, 2165, 1635, 6680, 354, 13, 51650], "temperature": 0.0, "avg_logprob": -0.32224007310538455, "compression_ratio": 1.4444444444444444, "no_speech_prob": 0.06948065757751465}, {"id": 3, "seek": 2570, "start": 25.7, "end": 33.92, "text": " \u0414\u0430, \u0442\u0443\u0434\u0430 \u043c\u043e\u0436\u043d\u043e. \u0422\u043e \u0435\u0441\u0442\u044c, \u0434\u0430.", "tokens": [50365, 9149, 11, 30433, 8885, 13, 16047, 5640, 11, 8995, 13, 50776], "temperature": 0.0, "avg_logprob": -0.16476711630821228, "compression_ratio": 1.5511363636363635, "no_speech_prob": 0.00010071276483358815}, {"id": 4, "seek": 2570, "start": 41.3, "end": 45.66, "text": " \u041d\u0443, \u044f \u043a\u0430\u043a \u0431\u044b \u0432\u0430\u043c \u0434\u043e\u0432\u0435\u0440\u044f\u044e, \u044f \u0432 \u044d\u0442\u043e\u043c \u043d\u0438\u0447\u0435\u0433\u043e \u043d\u0435 \u043f\u043e\u043d\u0438\u043c\u0430\u044e, \u043d\u043e \u0434\u0430.", "tokens": [51145, 7571, 11, 2552, 3014, 2768, 10448, 20124, 1135, 681, 1148, 11, 2552, 740, 10755, 16630, 1725, 35112, 11, 6035, 8995, 13, 51363], "temperature": 0.0, "avg_logprob": -0.16476711630821228, "compression_ratio": 1.5511363636363635, "no_speech_prob": 0.00010071276483358815}, {"id": 5, "seek": 2570, "start": 49.760000000000005, "end": 53.379999999999995, "text": " \u0412\u0441\u0435 \u043e\u043a\u0435\u0439. \u0410 \u0442\u0430\u043c \u043a\u0430\u043a\u0438\u0435-\u0442\u043e \u0435\u0449\u0435 \u0430\u043a\u0441\u0435\u0441\u0441\u0443\u0430\u0440\u044b \u043a \u043d\u0438\u043c, \u0438 \u044f \u0441\u043c\u043e\u0433\u0443 \u043a\u0443\u043f\u0438\u0442\u044c \u0442\u043e\u0436\u0435.", "tokens": [51568, 18029, 11423, 2345, 13, 3450, 8223, 19971, 12, 860, 9910, 13790, 461, 13254, 585, 48632, 981, 25793, 11, 1006, 2552, 32139, 585, 25078, 3258, 12251, 13, 51749], "temperature": 0.0, "avg_logprob": -0.16476711630821228, "compression_ratio": 1.5511363636363635, "no_speech_prob": 0.00010071276483358815}, {"id": 6, "seek": 5570, "start": 55.7, "end": 63.06, "text": " \u0422\u0430\u043a, \u043d\u0443, \u0432 \u043e\u0431\u0449\u0435\u043c, \u0442\u043e\u0433\u0434\u0430 \u043d\u0430 \u0432\u043e\u0441\u043a\u0440\u0435\u0441\u0435\u043d\u044c\u0435 \u043d\u0430 \u0414\u0438\u043c\u0438\u0442\u0440\u043e\u0432\u043e, \u0442\u0430\u043c, 10, \u0447\u0442\u043e \u043b\u0438, \u0434\u0430, \u043c\u043e\u0436\u043d\u043e \u043f\u043e\u0434\u044a\u0435\u0445\u0430\u0442\u044c.", "tokens": [50365, 8770, 11, 13087, 11, 740, 26842, 11, 21696, 1470, 18867, 22274, 2292, 3888, 387, 1470, 3401, 2165, 1635, 6680, 354, 11, 8223, 11, 1266, 11, 2143, 7444, 11, 8995, 11, 8885, 4095, 8515, 8008, 2209, 13, 50733], "temperature": 0.0, "avg_logprob": -0.1823083903338458, "compression_ratio": 1.6041666666666667, "no_speech_prob": 0.0003859596617985517}, {"id": 7, "seek": 5570, "start": 64.56, "end": 68.38, "text": " \u041d\u0430\u043b\u0438\u0447\u043d\u044b\u043c\u0438 \u043e\u043f\u043b\u0430\u0442\u0430. \u0412\u0441\u0435 \u043e\u043a\u0435\u0439, \u044f \u043f\u043e\u043d\u044f\u043b\u0430. \u0421\u043f\u0430\u0441\u0438\u0431\u043e \u0431\u043e\u043b\u044c\u0448\u043e\u0435.", "tokens": [50808, 2410, 1218, 3903, 15076, 7683, 693, 19808, 13, 18029, 11423, 2345, 11, 2552, 7903, 37394, 13, 29219, 46843, 13, 50999], "temperature": 0.0, "avg_logprob": -0.1823083903338458, "compression_ratio": 1.6041666666666667, "no_speech_prob": 0.0003859596617985517}, {"id": 8, "seek": 5570, "start": 69.18, "end": 70.52000000000001, "text": " \u0414\u0430, \u0432\u0430\u043c \u0442\u043e\u0436\u0435 \u0434\u043e\u0441\u0442\u0430\u043d\u0435\u043c.", "tokens": [51039, 9149, 11, 10448, 12251, 34543, 1416, 1504, 13, 51106], "temperature": 0.0, "avg_logprob": -0.1823083903338458, "compression_ratio": 1.6041666666666667, "no_speech_prob": 0.0003859596617985517}, {"id": 9, "seek": 5570, "start": 85.28, "end": 85.68, "text": " \u0421\u043f\u0430\u0441\u0438\u0431\u043e.", "tokens": [51844, 29219, 13, 51864], "temperature": 0.0, "avg_logprob": -0.1823083903338458, "compression_ratio": 1.6041666666666667, "no_speech_prob": 0.0003859596617985517}], "language": "Russian"}