{"text": " \u0414\u043e\u0431\u0440\u044b\u0439 \u0434\u0435\u043d\u044c, \u043c\u0430\u0433\u0430\u0437\u0438\u043d IceCase. \u041c\u0435\u043d\u044f \u0437\u043e\u0432\u0443\u0442 \u0410\u043b\u0435\u043a\u0441\u0430\u043d\u0434\u0440. \u0427\u0435\u043c \u043c\u043e\u0433\u0443 \u043f\u043e\u043c\u043e\u0447\u044c? \u0423 \u0432\u0430\u0441 \u043e\u0448\u0438\u0431\u043a\u0430 \u0432 \u043e\u0431\u043d\u043e\u0432\u043b\u0435\u043d\u0438\u0438 \u043f\u0440\u043e\u0438\u0437\u043e\u0448\u043b\u0430? \u0410\u0439\u0444\u043e\u043d\u0430? \u0410\u0439\u0444\u043e\u043d\u0430? \u0422\u0430\u043a, \u043d\u0443, \u043c\u043e\u0436\u0435\u0442\u0435 \u043e\u0431\u0440\u0430\u0442\u0438\u0442\u044c\u0441\u044f \u043d\u0430 \u0413\u0435\u043e\u0440\u0433\u0438\u0439 \u0414\u0438\u043c\u0438\u0442\u0440\u043e\u0432, 104. \u0422\u0430\u043c \u0440\u0435\u0431\u044f\u0442\u0430 \u0431\u043e\u043b\u0435\u0435 \u043e\u043f\u044b\u0442\u043d\u044b\u0435 \u0432 \u043f\u043b\u0430\u043d\u0435 \u043f\u0440\u043e\u0448\u0438\u0432\u043e\u043a. \u0412\u043e\u0442, \u043e\u043d\u0438 \u043c\u043e\u0433\u0443\u0442 \u043f\u043e\u0434\u0441\u043a\u0430\u0437\u0430\u0442\u044c \u0432\u0430\u043c. \u041d\u0435\u0442, \u043f\u0440\u0438\u0447\u0435\u043c \u043c\u044b \u0440\u0430\u0431\u043e\u0442\u0430\u0435\u043c \u043a\u0430\u0436\u0434\u044b\u0439 \u0434\u0435\u043d\u044c, \u0431\u0435\u0437 \u0432\u044b\u0445\u043e\u0434\u043d\u044b\u0445. \u041c\u043e\u0436\u0435\u0442\u0435 \u043f\u043e\u0437\u0432\u043e\u043d\u0438\u0442\u044c. \u0417\u0430\u043f\u0438\u0448\u0438\u0442\u0435 \u043d\u043e\u043c\u0435\u0440 \u0442\u0435\u043b\u0435\u0444\u043e\u043d\u0430, \u0435\u0441\u043b\u0438 \u0443\u0434\u043e\u0431\u043d\u043e. 987. 987. 936. 4010. \u0414\u043e \u0441\u0432\u0438\u0434\u0430\u043d\u0438\u044f.", "segments": [{"id": 0, "seek": 0, "start": 0.0, "end": 2.68, "text": " \u0414\u043e\u0431\u0440\u044b\u0439 \u0434\u0435\u043d\u044c, \u043c\u0430\u0433\u0430\u0437\u0438\u043d IceCase. \u041c\u0435\u043d\u044f \u0437\u043e\u0432\u0443\u0442 \u0410\u043b\u0435\u043a\u0441\u0430\u043d\u0434\u0440. \u0427\u0435\u043c \u043c\u043e\u0433\u0443 \u043f\u043e\u043c\u043e\u0447\u044c?", "tokens": [50365, 3401, 13829, 4851, 13509, 11, 39771, 2599, 15332, 34, 651, 13, 47311, 46376, 44938, 481, 13, 7099, 1504, 22951, 8613, 27497, 30, 50499], "temperature": 0.0, "avg_logprob": -0.17431389767190683, "compression_ratio": 1.2468354430379747, "no_speech_prob": 0.0061904145404696465}, {"id": 1, "seek": 0, "start": 13.32, "end": 16.240000000000002, "text": " \u0423 \u0432\u0430\u0441 \u043e\u0448\u0438\u0431\u043a\u0430 \u0432 \u043e\u0431\u043d\u043e\u0432\u043b\u0435\u043d\u0438\u0438 \u043f\u0440\u043e\u0438\u0437\u043e\u0448\u043b\u0430?", "tokens": [51031, 6523, 10655, 40253, 2833, 740, 3348, 8766, 693, 15573, 41476, 4989, 30, 51177], "temperature": 0.0, "avg_logprob": -0.17431389767190683, "compression_ratio": 1.2468354430379747, "no_speech_prob": 0.0061904145404696465}, {"id": 2, "seek": 0, "start": 16.56, "end": 16.92, "text": " \u0410\u0439\u0444\u043e\u043d\u0430?", "tokens": [51193, 3450, 1644, 3619, 14411, 30, 51211], "temperature": 0.0, "avg_logprob": -0.17431389767190683, "compression_ratio": 1.2468354430379747, "no_speech_prob": 0.0061904145404696465}, {"id": 3, "seek": 3000, "start": 30.0, "end": 31.0, "text": " \u0410\u0439\u0444\u043e\u043d\u0430?", "tokens": [50365, 3450, 1644, 3619, 14411, 30, 50415], "temperature": 0.0, "avg_logprob": -0.5174240469932556, "compression_ratio": 0.5909090909090909, "no_speech_prob": 0.15591153502464294}, {"id": 4, "seek": 6000, "start": 60.0, "end": 67.26, "text": " \u0422\u0430\u043a, \u043d\u0443, \u043c\u043e\u0436\u0435\u0442\u0435 \u043e\u0431\u0440\u0430\u0442\u0438\u0442\u044c\u0441\u044f \u043d\u0430 \u0413\u0435\u043e\u0440\u0433\u0438\u0439 \u0414\u0438\u043c\u0438\u0442\u0440\u043e\u0432, 104. \u0422\u0430\u043c \u0440\u0435\u0431\u044f\u0442\u0430 \u0431\u043e\u043b\u0435\u0435 \u043e\u043f\u044b\u0442\u043d\u044b\u0435 \u0432 \u043f\u043b\u0430\u043d\u0435 \u043f\u0440\u043e\u0448\u0438\u0432\u043e\u043a. \u0412\u043e\u0442, \u043e\u043d\u0438 \u043c\u043e\u0433\u0443\u0442 \u043f\u043e\u0434\u0441\u043a\u0430\u0437\u0430\u0442\u044c \u0432\u0430\u043c.", "tokens": [50365, 8770, 11, 13087, 11, 23578, 29851, 12306, 1470, 7247, 387, 1717, 1906, 6251, 3401, 2165, 1635, 6680, 11, 47757, 13, 27451, 37678, 15103, 48530, 4970, 740, 23443, 387, 20567, 2739, 2637, 13, 9756, 11, 7515, 23461, 4095, 4218, 1990, 2209, 10448, 13, 50728], "temperature": 0.0, "avg_logprob": -0.250538100367007, "compression_ratio": 1.632183908045977, "no_speech_prob": 0.006002346053719521}, {"id": 5, "seek": 6000, "start": 73.26, "end": 76.56, "text": " \u041d\u0435\u0442, \u043f\u0440\u0438\u0447\u0435\u043c \u043c\u044b \u0440\u0430\u0431\u043e\u0442\u0430\u0435\u043c \u043a\u0430\u0436\u0434\u044b\u0439 \u0434\u0435\u043d\u044c, \u0431\u0435\u0437 \u0432\u044b\u0445\u043e\u0434\u043d\u044b\u0445. \u041c\u043e\u0436\u0435\u0442\u0435 \u043f\u043e\u0437\u0432\u043e\u043d\u0438\u0442\u044c.", "tokens": [51028, 21249, 11, 26472, 1504, 4777, 9197, 7906, 27628, 13509, 11, 10969, 27142, 5783, 13, 3493, 2161, 10524, 12188, 39672, 3258, 13, 51193], "temperature": 0.0, "avg_logprob": -0.250538100367007, "compression_ratio": 1.632183908045977, "no_speech_prob": 0.006002346053719521}, {"id": 6, "seek": 6000, "start": 77.82, "end": 81.34, "text": " \u0417\u0430\u043f\u0438\u0448\u0438\u0442\u0435 \u043d\u043e\u043c\u0435\u0440 \u0442\u0435\u043b\u0435\u0444\u043e\u043d\u0430, \u0435\u0441\u043b\u0438 \u0443\u0434\u043e\u0431\u043d\u043e.", "tokens": [51256, 49612, 9919, 5878, 36847, 1135, 33356, 14411, 11, 8042, 35943, 1234, 13, 51432], "temperature": 0.0, "avg_logprob": -0.250538100367007, "compression_ratio": 1.632183908045977, "no_speech_prob": 0.006002346053719521}, {"id": 7, "seek": 6000, "start": 86.18, "end": 86.98, "text": " 987.", "tokens": [51674, 20860, 22, 13, 51714], "temperature": 0.0, "avg_logprob": -0.250538100367007, "compression_ratio": 1.632183908045977, "no_speech_prob": 0.006002346053719521}, {"id": 8, "seek": 6000, "start": 89.58, "end": 89.98, "text": " 987.", "tokens": [51844, 20860, 22, 13, 51864], "temperature": 0.0, "avg_logprob": -0.250538100367007, "compression_ratio": 1.632183908045977, "no_speech_prob": 0.006002346053719521}, {"id": 9, "seek": 9000, "start": 90.0, "end": 90.8, "text": " 936.", "tokens": [50365, 1722, 11309, 13, 50405], "temperature": 0.0, "avg_logprob": -0.7104619531070485, "compression_ratio": 0.75, "no_speech_prob": 0.0004305480106268078}, {"id": 10, "seek": 9000, "start": 92.54, "end": 93.66, "text": " 4010.", "tokens": [50492, 3356, 3279, 13, 50548], "temperature": 0.0, "avg_logprob": -0.7104619531070485, "compression_ratio": 0.75, "no_speech_prob": 0.0004305480106268078}, {"id": 11, "seek": 9000, "start": 98.34, "end": 100.36, "text": " \u0414\u043e \u0441\u0432\u0438\u0434\u0430\u043d\u0438\u044f.", "tokens": [50782, 31695, 43666, 8831, 13, 50883], "temperature": 0.0, "avg_logprob": -0.7104619531070485, "compression_ratio": 0.75, "no_speech_prob": 0.0004305480106268078}], "language": "Russian"}