{"text": " \u0417\u0434\u0440\u0430\u0432\u0441\u0442\u0432\u0443\u0439\u0442\u0435, \u0414\u043c\u0438\u0442\u0440\u0438\u0439, \u044f \u0445\u043e\u0442\u0435\u043b\u0430 \u0441\u043f\u0440\u043e\u0441\u0438\u0442\u044c, \u0430 \u0443 \u0432\u0430\u0441 \u0435\u0441\u0442\u044c \u0432 \u043d\u0430\u043b\u0438\u0447\u0438\u0438 \u0447\u0435\u0445\u043e\u043b \u0434\u043b\u044f iPad Air 1 \u043c\u043e\u0434\u0435\u043b\u044c? \u0410\u0433\u0430, \u043f\u043e\u043d\u044f\u0442\u043d\u043e, \u043d\u0443 \u043b\u0430\u0434\u043d\u043e, \u0441\u043f\u0430\u0441\u0438\u0431\u043e. \u0414\u043e \u0441\u0432\u0438\u0434\u0430\u043d\u0438\u044f. \u0414\u043e \u0441\u0432\u0438\u0434\u0430\u043d\u0438\u044f.", "segments": [{"id": 0, "seek": 0, "start": 0.0, "end": 10.36, "text": " \u0417\u0434\u0440\u0430\u0432\u0441\u0442\u0432\u0443\u0439\u0442\u0435, \u0414\u043c\u0438\u0442\u0440\u0438\u0439, \u044f \u0445\u043e\u0442\u0435\u043b\u0430 \u0441\u043f\u0440\u043e\u0441\u0438\u0442\u044c, \u0430 \u0443 \u0432\u0430\u0441 \u0435\u0441\u0442\u044c \u0432 \u043d\u0430\u043b\u0438\u0447\u0438\u0438 \u0447\u0435\u0445\u043e\u043b \u0434\u043b\u044f iPad Air 1 \u043c\u043e\u0434\u0435\u043b\u044c?", "tokens": [50365, 17613, 36359, 11, 3401, 919, 1635, 50161, 11, 2552, 11515, 19097, 44312, 3258, 11, 2559, 1595, 10655, 5640, 740, 32750, 3903, 7347, 1358, 8008, 1227, 5561, 12945, 5774, 502, 24104, 3908, 30, 50883], "temperature": 0.0, "avg_logprob": -0.18047449881570382, "compression_ratio": 1.4914285714285713, "no_speech_prob": 0.06165657192468643}, {"id": 1, "seek": 0, "start": 14.040000000000001, "end": 18.5, "text": " \u0410\u0433\u0430, \u043f\u043e\u043d\u044f\u0442\u043d\u043e, \u043d\u0443 \u043b\u0430\u0434\u043d\u043e, \u0441\u043f\u0430\u0441\u0438\u0431\u043e. \u0414\u043e \u0441\u0432\u0438\u0434\u0430\u043d\u0438\u044f.", "tokens": [51067, 3450, 18706, 11, 39718, 11, 13087, 44107, 11, 37536, 13, 31695, 43666, 8831, 13, 51290], "temperature": 0.0, "avg_logprob": -0.18047449881570382, "compression_ratio": 1.4914285714285713, "no_speech_prob": 0.06165657192468643}, {"id": 2, "seek": 0, "start": 19.22, "end": 19.86, "text": " \u0414\u043e \u0441\u0432\u0438\u0434\u0430\u043d\u0438\u044f.", "tokens": [51326, 31695, 43666, 8831, 13, 51358], "temperature": 0.0, "avg_logprob": -0.18047449881570382, "compression_ratio": 1.4914285714285713, "no_speech_prob": 0.06165657192468643}], "language": "Russian"}