{"text": " \u0434\u043e\u0431\u0440\u044b\u0439 \u0432\u0435\u0447\u0435\u0440 \u043c\u0430\u0433\u0430\u0437\u0438\u043d\u0430 \u0438\u0437 \u043f\u0435\u0441\u043d\u0438 \u0437\u0430 \u0443 \u0434\u043c\u0438\u0442\u0440\u0438\u0435\u0432\u0438\u0447\u0430 \u043c\u043e\u0433\u0443 \u043f\u043e\u043c\u043e\u0447\u044c \u043f\u043e \u043f\u0435\u0440\u0432\u043e\u043c\u0443 \u043d\u0435\u0442 \u0442\u0430\u043a\u0438\u0445 \u043d\u0435\u0442 \u0447\u0435\u0445\u043b\u043e\u0432 \u0445\u043e\u0440\u043e\u0448\u0438\u0439 \u0432\u0435\u0447\u0435\u0440 \u0434\u043e \u0441\u0432\u0438\u0434\u0430\u043d\u0438\u044f", "segments": [{"id": 0, "seek": 0, "start": 0.0, "end": 5.0, "text": " \u0434\u043e\u0431\u0440\u044b\u0439 \u0432\u0435\u0447\u0435\u0440 \u043c\u0430\u0433\u0430\u0437\u0438\u043d\u0430 \u0438\u0437 \u043f\u0435\u0441\u043d\u0438 \u0437\u0430 \u0443 \u0434\u043c\u0438\u0442\u0440\u0438\u0435\u0432\u0438\u0447\u0430 \u043c\u043e\u0433\u0443 \u043f\u043e\u043c\u043e\u0447\u044c", "tokens": [50365, 35620, 4851, 31943, 1135, 39771, 7861, 3943, 37280, 1903, 4396, 1595, 1070, 919, 1635, 4679, 42110, 386, 22951, 8613, 27497, 50615], "temperature": 0.0, "avg_logprob": -0.537675176348005, "compression_ratio": 1.5579710144927537, "no_speech_prob": 0.2136717289686203}, {"id": 1, "seek": 0, "start": 10.52, "end": 15.4, "text": " \u043f\u043e \u043f\u0435\u0440\u0432\u043e\u043c\u0443 \u043d\u0435\u0442 \u0442\u0430\u043a\u0438\u0445 \u043d\u0435\u0442 \u0447\u0435\u0445\u043b\u043e\u0432", "tokens": [50891, 2801, 11922, 4161, 9916, 28572, 9916, 1358, 8008, 21650, 51135], "temperature": 0.0, "avg_logprob": -0.537675176348005, "compression_ratio": 1.5579710144927537, "no_speech_prob": 0.2136717289686203}, {"id": 2, "seek": 0, "start": 16.76, "end": 20.44, "text": " \u0445\u043e\u0440\u043e\u0448\u0438\u0439 \u0432\u0435\u0447\u0435\u0440 \u0434\u043e \u0441\u0432\u0438\u0434\u0430\u043d\u0438\u044f", "tokens": [51203, 48917, 31943, 1135, 5865, 43666, 8831, 51387], "temperature": 0.0, "avg_logprob": -0.537675176348005, "compression_ratio": 1.5579710144927537, "no_speech_prob": 0.2136717289686203}], "language": "Russian"}