{"text": " \u0434\u043e\u0431\u0440\u044b\u0439 \u0434\u0435\u043d\u044c \u043c\u0430\u0433\u0430\u0437\u0438\u043d\u0430 \u0438\u0437 \u043a\u0438\u0435\u0432\u0441 \u043c\u0435\u043d\u044f \u0437\u043e\u0432\u0443\u0442 \u0430\u043b\u0435\u043a\u0441\u0430\u043d\u0434\u0440 \u0447\u0435\u043c \u043a \u043f\u043e\u043c\u043e\u0449\u0438 \u0432\u044b \u043c\u043e\u0436\u0435\u0442\u0435 \u0441\u043a\u0430\u0437\u0430\u0442\u044c \u043f\u0440\u044f\u043c \u0430\u0440\u0442\u0438\u043a\u0443\u043b \u043d\u0435 \u043f\u0440\u043e \u0432\u0441\u0435 \u0442\u0430\u043a 6955 \u043c\u0438\u043d\u0443\u0442\u0443 57 \u0434\u0430 \u0443\u0432\u0438\u0434\u0435\u043b \u043e\u043d \u0443 \u043d\u0430\u0441 \u043e\u0434\u0438\u043d \u043e\u0441\u0442\u0430\u043b\u0441\u044f \u0442\u0430\u043a \u043e\u0434\u043d\u0443 \u043c\u0438\u043d\u0443\u0442\u043a\u0443 \u0434\u0430\u0442\u044c \u044f \u0441\u0435\u0439\u0447\u0430\u0441 \u0443\u0442\u043e\u0447\u043d\u044e \u044d\u0442\u043e\u0442 \u043c\u043e\u043c\u0435\u043d\u0442 \u044f \u0432\u0430\u043c \u043f\u0435\u0440\u0435\u0437\u0432\u043e\u043d\u044e \u0434\u0430 \u044f \u0432\u0438\u0436\u0443", "segments": [{"id": 0, "seek": 0, "start": 0.0, "end": 11.52, "text": " \u0434\u043e\u0431\u0440\u044b\u0439 \u0434\u0435\u043d\u044c \u043c\u0430\u0433\u0430\u0437\u0438\u043d\u0430 \u0438\u0437 \u043a\u0438\u0435\u0432\u0441 \u043c\u0435\u043d\u044f \u0437\u043e\u0432\u0443\u0442 \u0430\u043b\u0435\u043a\u0441\u0430\u043d\u0434\u0440 \u0447\u0435\u043c \u043a \u043f\u043e\u043c\u043e\u0449\u0438 \u0432\u044b \u043c\u043e\u0436\u0435\u0442\u0435 \u0441\u043a\u0430\u0437\u0430\u0442\u044c", "tokens": [50365, 35620, 4851, 13509, 39771, 7861, 3943, 981, 435, 3515, 461, 6885, 46376, 2559, 24065, 12551, 481, 12056, 981, 22301, 435, 2840, 23578, 20636, 50941], "temperature": 0.0, "avg_logprob": -0.3661684106897425, "compression_ratio": 1.3303571428571428, "no_speech_prob": 0.05251605063676834}, {"id": 1, "seek": 1152, "start": 11.52, "end": 37.92, "text": " \u043f\u0440\u044f\u043c \u0430\u0440\u0442\u0438\u043a\u0443\u043b \u043d\u0435 \u043f\u0440\u043e \u0432\u0441\u0435 \u0442\u0430\u043a 6955 \u043c\u0438\u043d\u0443\u0442\u0443 57", "tokens": [50365, 18449, 16643, 3396, 4401, 693, 1725, 4178, 4640, 2936, 1386, 15718, 20, 24498, 585, 21423, 51685], "temperature": 0.0, "avg_logprob": -0.34287042087978786, "compression_ratio": 1.0144927536231885, "no_speech_prob": 0.0003799754485953599}, {"id": 2, "seek": 4152, "start": 41.52, "end": 57.540000000000006, "text": " \u0434\u0430 \u0443\u0432\u0438\u0434\u0435\u043b \u043e\u043d \u0443 \u043d\u0430\u0441 \u043e\u0434\u0438\u043d \u043e\u0441\u0442\u0430\u043b\u0441\u044f", "tokens": [50365, 8995, 21974, 1414, 5345, 1595, 6519, 13319, 12574, 13340, 51166], "temperature": 0.0, "avg_logprob": -0.5337558893057016, "compression_ratio": 1.2692307692307692, "no_speech_prob": 0.0002415525377728045}, {"id": 3, "seek": 4152, "start": 57.540000000000006, "end": 68.52000000000001, "text": " \u0442\u0430\u043a \u043e\u0434\u043d\u0443 \u043c\u0438\u043d\u0443\u0442\u043a\u0443", "tokens": [51166, 2936, 37885, 24498, 4401, 51715], "temperature": 0.0, "avg_logprob": -0.5337558893057016, "compression_ratio": 1.2692307692307692, "no_speech_prob": 0.0002415525377728045}, {"id": 4, "seek": 4152, "start": 68.52000000000001, "end": 71.44, "text": " \u0434\u0430\u0442\u044c", "tokens": [51715, 1070, 2209, 51861], "temperature": 0.0, "avg_logprob": -0.5337558893057016, "compression_ratio": 1.2692307692307692, "no_speech_prob": 0.0002415525377728045}, {"id": 5, "seek": 4152, "start": 71.44, "end": 71.5, "text": " \u044f", "tokens": [51861, 2552, 51864], "temperature": 0.0, "avg_logprob": -0.5337558893057016, "compression_ratio": 1.2692307692307692, "no_speech_prob": 0.0002415525377728045}, {"id": 6, "seek": 7150, "start": 71.5, "end": 73.18, "text": " \u0441\u0435\u0439\u0447\u0430\u0441 \u0443\u0442\u043e\u0447\u043d\u044e \u044d\u0442\u043e\u0442 \u043c\u043e\u043c\u0435\u043d\u0442 \u044f \u0432\u0430\u043c \u043f\u0435\u0440\u0435\u0437\u0432\u043e\u043d\u044e", "tokens": [50365, 10241, 1595, 20483, 18672, 11508, 17825, 2552, 10448, 4321, 3634, 39672, 1148, 50449], "temperature": 0.0, "avg_logprob": -0.32011122703552247, "compression_ratio": 1.1923076923076923, "no_speech_prob": 0.0008490763138979673}, {"id": 7, "seek": 7150, "start": 73.18, "end": 76.48, "text": " \u0434\u0430 \u044f \u0432\u0438\u0436\u0443", "tokens": [50449, 8995, 2552, 47813, 50614], "temperature": 0.0, "avg_logprob": -0.32011122703552247, "compression_ratio": 1.1923076923076923, "no_speech_prob": 0.0008490763138979673}], "language": "Russian"}