{"text": " \u0417\u0434\u0440\u0430\u0432\u0441\u0442\u0432\u0443\u0439\u0442\u0435, \u0430 \u043c\u043e\u0436\u043d\u043e \u0443\u0437\u043d\u0430\u0442\u044c, \u043a\u0430\u043a\u0430\u044f \u0446\u0435\u043d\u0430 \u043d\u0430 iPhone 15 Pro Max \u043d\u0430 256 \u0433\u0438\u0433\u0430\u0431\u0430\u0439\u0442? \u042d\u0442\u043e \u0437\u0430 \u043d\u0430\u043b\u0438\u0447\u043d\u044b\u0439, \u0434\u0430? \u0410 \u0435\u0441\u043b\u0438 \u0431\u0435\u0437 \u043d\u0430\u043b\u0438\u0447\u043d\u044b\u0439? \u042d\u0442\u043e \u0437\u0430 \u043e\u043f\u043b\u0430\u0442\u0443 \u043f\u043e \u043a\u0430\u0440\u0442\u0435, \u0434\u0430? \u0422\u043e \u0435\u0441\u0442\u044c \u043f\u043e \u043a\u0430\u0440\u0442\u0435 \u043d\u0435 \u0432\u0435\u0437\u0434\u0435, \u0434\u0430, \u043c\u043e\u0436\u043d\u043e? \u041f\u043e\u043d\u044f\u043b\u0430, \u0445\u043e\u0440\u043e\u0448\u043e, \u0441\u043f\u0430\u0441\u0438\u0431\u043e. \u0421\u043f\u0430\u0441\u0438\u0431\u043e, \u0434\u043e \u0441\u0432\u0438\u0434\u0430\u043d\u0438\u044f.", "segments": [{"id": 0, "seek": 0, "start": 0.0, "end": 11.4, "text": " \u0417\u0434\u0440\u0430\u0432\u0441\u0442\u0432\u0443\u0439\u0442\u0435, \u0430 \u043c\u043e\u0436\u043d\u043e \u0443\u0437\u043d\u0430\u0442\u044c, \u043a\u0430\u043a\u0430\u044f \u0446\u0435\u043d\u0430 \u043d\u0430 iPhone 15 Pro Max \u043d\u0430 256 \u0433\u0438\u0433\u0430\u0431\u0430\u0439\u0442?", "tokens": [50365, 17613, 36359, 11, 2559, 8885, 33562, 1283, 11, 29334, 5188, 13362, 1470, 7252, 2119, 1705, 7402, 1470, 38882, 2342, 11294, 3771, 23055, 30, 50935], "temperature": 0.0, "avg_logprob": -0.11079489267789401, "compression_ratio": 1.0789473684210527, "no_speech_prob": 0.1400730013847351}, {"id": 1, "seek": 3000, "start": 30.0, "end": 46.44, "text": " \u042d\u0442\u043e \u0437\u0430 \u043d\u0430\u043b\u0438\u0447\u043d\u044b\u0439, \u0434\u0430? \u0410 \u0435\u0441\u043b\u0438 \u0431\u0435\u0437 \u043d\u0430\u043b\u0438\u0447\u043d\u044b\u0439?", "tokens": [50365, 6684, 4396, 32750, 3903, 4441, 11, 8995, 30, 3450, 8042, 10969, 32750, 3903, 4441, 30, 51187], "temperature": 0.0, "avg_logprob": -0.1566509892863612, "compression_ratio": 1.348314606741573, "no_speech_prob": 0.017568854615092278}, {"id": 2, "seek": 3000, "start": 52.14, "end": 53.8, "text": " \u042d\u0442\u043e \u0437\u0430 \u043e\u043f\u043b\u0430\u0442\u0443 \u043f\u043e \u043a\u0430\u0440\u0442\u0435, \u0434\u0430?", "tokens": [51472, 6684, 4396, 7683, 25834, 585, 2801, 13560, 5863, 11, 8995, 30, 51555], "temperature": 0.0, "avg_logprob": -0.1566509892863612, "compression_ratio": 1.348314606741573, "no_speech_prob": 0.017568854615092278}, {"id": 3, "seek": 6000, "start": 60.0, "end": 62.92, "text": " \u0422\u043e \u0435\u0441\u0442\u044c \u043f\u043e \u043a\u0430\u0440\u0442\u0435 \u043d\u0435 \u0432\u0435\u0437\u0434\u0435, \u0434\u0430, \u043c\u043e\u0436\u043d\u043e?", "tokens": [50365, 16047, 5640, 2801, 13560, 5863, 1725, 740, 46683, 11, 8995, 11, 8885, 30, 50511], "temperature": 0.0, "avg_logprob": -0.21055514884717536, "compression_ratio": 1.3008849557522124, "no_speech_prob": 0.00026323203928768635}, {"id": 4, "seek": 6000, "start": 65.76, "end": 67.5, "text": " \u041f\u043e\u043d\u044f\u043b\u0430, \u0445\u043e\u0440\u043e\u0448\u043e, \u0441\u043f\u0430\u0441\u0438\u0431\u043e.", "tokens": [50653, 36067, 37394, 11, 16977, 11, 37536, 13, 50740], "temperature": 0.0, "avg_logprob": -0.21055514884717536, "compression_ratio": 1.3008849557522124, "no_speech_prob": 0.00026323203928768635}, {"id": 5, "seek": 6000, "start": 69.76, "end": 71.0, "text": " \u0421\u043f\u0430\u0441\u0438\u0431\u043e, \u0434\u043e \u0441\u0432\u0438\u0434\u0430\u043d\u0438\u044f.", "tokens": [50853, 29219, 11, 5865, 43666, 8831, 13, 50915], "temperature": 0.0, "avg_logprob": -0.21055514884717536, "compression_ratio": 1.3008849557522124, "no_speech_prob": 0.00026323203928768635}], "language": "Russian"}