{"text": " \u0414\u043e\u0431\u0440\u043e\u0435 \u0443\u0442\u0440\u043e, \u043c\u0430\u0433\u0430\u0437\u0438\u043d IceCase, \u043c\u0435\u043d\u044f \u0437\u043e\u0432\u0443\u0442 \u0414\u043c\u0438\u0442\u0440\u0438\u0439, \u0447\u0435\u043c \u043c\u043e\u0433\u0443 \u043f\u043e\u043c\u043e\u0447\u044c? \u0421\u0435\u0439\u0447\u0430\u0441, \u043c\u0438\u043d\u0443\u0442\u043a\u0443. \u0414\u043e\u0431\u0440\u043e\u0435 \u0443\u0442\u0440\u043e, \u043c\u0430\u0433\u0430\u0437\u0438\u043d IceCase, \u043c\u0435\u043d\u044f \u0437\u043e\u0432\u0443\u0442 \u0414\u043c\u0438\u0442\u0440\u0438\u0439, \u0447\u0435\u043c \u043c\u043e\u0433\u0443 \u043f\u043e\u043c\u043e\u0447\u044c? \u0414\u043e\u0431\u0440\u043e\u0435 \u0443\u0442\u0440\u043e, \u043c\u0430\u0433\u0430\u0437\u0438\u043d IceCase, \u043c\u0435\u043d\u044f \u0437\u043e\u0432\u0443\u0442 \u0414\u043c\u0438\u0442\u0440\u0438\u0439, \u0447\u0435\u043c \u043c\u043e\u0433\u0443 \u043f\u043e\u043c\u043e\u0447\u044c?", "segments": [{"id": 0, "seek": 0, "start": 0.0, "end": 5.16, "text": " \u0414\u043e\u0431\u0440\u043e\u0435 \u0443\u0442\u0440\u043e, \u043c\u0430\u0433\u0430\u0437\u0438\u043d IceCase, \u043c\u0435\u043d\u044f \u0437\u043e\u0432\u0443\u0442 \u0414\u043c\u0438\u0442\u0440\u0438\u0439, \u0447\u0435\u043c \u043c\u043e\u0433\u0443 \u043f\u043e\u043c\u043e\u0447\u044c?", "tokens": [50365, 3401, 13829, 5805, 25448, 9938, 11, 39771, 2599, 15332, 34, 651, 11, 6885, 46376, 3401, 919, 1635, 50161, 11, 12056, 22951, 8613, 27497, 30, 50623], "temperature": 0.0, "avg_logprob": -0.22244797033422134, "compression_ratio": 1.1833333333333333, "no_speech_prob": 0.5978730320930481}, {"id": 1, "seek": 0, "start": 12.42, "end": 13.42, "text": " \u0421\u0435\u0439\u0447\u0430\u0441, \u043c\u0438\u043d\u0443\u0442\u043a\u0443.", "tokens": [50986, 23590, 11, 24498, 4401, 13, 51036], "temperature": 0.0, "avg_logprob": -0.22244797033422134, "compression_ratio": 1.1833333333333333, "no_speech_prob": 0.5978730320930481}, {"id": 2, "seek": 3000, "start": 30.0, "end": 59.980000000000004, "text": " \u0414\u043e\u0431\u0440\u043e\u0435 \u0443\u0442\u0440\u043e, \u043c\u0430\u0433\u0430\u0437\u0438\u043d IceCase, \u043c\u0435\u043d\u044f \u0437\u043e\u0432\u0443\u0442 \u0414\u043c\u0438\u0442\u0440\u0438\u0439, \u0447\u0435\u043c \u043c\u043e\u0433\u0443 \u043f\u043e\u043c\u043e\u0447\u044c?", "tokens": [50365, 3401, 13829, 5805, 25448, 9938, 11, 39771, 2599, 15332, 34, 651, 11, 6885, 46376, 3401, 919, 1635, 50161, 11, 12056, 22951, 8613, 27497, 30, 51864], "temperature": 0.0, "avg_logprob": -0.13983725618433068, "compression_ratio": 1.108910891089109, "no_speech_prob": 0.11262208968400955}, {"id": 3, "seek": 6000, "start": 60.0, "end": 89.98, "text": " \u0414\u043e\u0431\u0440\u043e\u0435 \u0443\u0442\u0440\u043e, \u043c\u0430\u0433\u0430\u0437\u0438\u043d IceCase, \u043c\u0435\u043d\u044f \u0437\u043e\u0432\u0443\u0442 \u0414\u043c\u0438\u0442\u0440\u0438\u0439, \u0447\u0435\u043c \u043c\u043e\u0433\u0443 \u043f\u043e\u043c\u043e\u0447\u044c?", "tokens": [50365, 3401, 13829, 5805, 25448, 9938, 11, 39771, 2599, 15332, 34, 651, 11, 6885, 46376, 3401, 919, 1635, 50161, 11, 12056, 22951, 8613, 27497, 30, 51864], "temperature": 0.0, "avg_logprob": -0.18305914490311234, "compression_ratio": 1.108910891089109, "no_speech_prob": 0.0034550048876553774}], "language": "Russian"}