{"text": " \u0432\u0441\u0435 \u044f \u0435\u0433\u043e \u0437\u0430\u0431\u0438\u0440\u0430\u044e \u043d\u0430 \u0441\u0430\u043c\u0430\u0440\u0441\u043a\u043e\u0439 \u043d\u0430 \u0441\u0430\u043c\u0430\u0440\u0441\u043a\u043e\u0439 \u0432\u0441\u0435 \u0445\u043e\u0440\u043e\u0448\u043e \u0431\u0443\u0434\u0443 \u0436\u0434\u0430\u0442\u044c \u043d\u0430 \u043c\u0435\u0442\u0440\u043e\u043c \u043d\u0430\u0434\u043e \u043e\u0431\u044f\u0437\u0430\u0442\u0435\u043b\u044c\u043d\u043e \u0447\u0442\u043e\u0431\u044b \u043c\u0435\u043d\u044f \u0434\u0435\u043d\u044c \u0440\u043e\u0436\u0434\u0435\u043d\u0438\u044f \u0432 \u0432\u043e\u0441\u043a\u0440\u0435\u0441\u0435\u043d\u044c\u0435 \u0432 \u0441\u0443\u0431\u0431\u043e\u0442\u0443 \u043f\u043e\u044d\u0442\u043e\u043c\u0443 \u043c\u043d\u0435 \u043d\u0443\u0436\u0435\u043d \u0448\u0430\u0431\u043b\u043e\u043d \u0431\u044b\u043b \u0432\u0441\u0435 \u0434\u043e\u0433\u043e\u0432\u043e\u0440\u0438\u043b\u0438\u0441\u044c \u0442\u043e\u0433\u0434\u0430 \u0432\u0441\u0435 \u0431\u0443\u0434\u0443 \u0436\u0434\u0430\u0442\u044c \u0441\u043f\u0430\u0441\u0438\u0431\u043e \u0434\u043e \u0441\u0432\u0438\u0434\u0430\u043d\u0438\u044f \u0441\u043f\u0430\u0441\u0438\u0431\u043e", "segments": [{"id": 0, "seek": 0, "start": 0.0, "end": 22.240000000000002, "text": " \u0432\u0441\u0435 \u044f \u0435\u0433\u043e \u0437\u0430\u0431\u0438\u0440\u0430\u044e \u043d\u0430 \u0441\u0430\u043c\u0430\u0440\u0441\u043a\u043e\u0439 \u043d\u0430 \u0441\u0430\u043c\u0430\u0440\u0441\u043a\u043e\u0439 \u0432\u0441\u0435 \u0445\u043e\u0440\u043e\u0448\u043e \u0431\u0443\u0434\u0443 \u0436\u0434\u0430\u0442\u044c \u043d\u0430 \u043c\u0435\u0442\u0440\u043e\u043c", "tokens": [50365, 4640, 2552, 6448, 13890, 22204, 1148, 1470, 5602, 2222, 17360, 1470, 5602, 2222, 17360, 4640, 16977, 21407, 27020, 2209, 1470, 18791, 21503, 51477], "temperature": 0.0, "avg_logprob": -0.2764238274615744, "compression_ratio": 1.7266666666666666, "no_speech_prob": 0.23466606438159943}, {"id": 1, "seek": 0, "start": 22.240000000000002, "end": 25.22, "text": " \u043d\u0430\u0434\u043e \u043e\u0431\u044f\u0437\u0430\u0442\u0435\u043b\u044c\u043d\u043e \u0447\u0442\u043e\u0431\u044b \u043c\u0435\u043d\u044f \u0434\u0435\u043d\u044c \u0440\u043e\u0436\u0434\u0435\u043d\u0438\u044f \u0432 \u0432\u043e\u0441\u043a\u0440\u0435\u0441\u0435\u043d\u044c\u0435 \u0432 \u0441\u0443\u0431\u0431\u043e\u0442\u0443", "tokens": [51477, 13256, 35515, 7887, 6885, 13509, 1475, 46945, 740, 18867, 22274, 2292, 3888, 387, 740, 776, 8893, 1552, 44570, 51626], "temperature": 0.0, "avg_logprob": -0.2764238274615744, "compression_ratio": 1.7266666666666666, "no_speech_prob": 0.23466606438159943}, {"id": 2, "seek": 2522, "start": 25.22, "end": 29.66, "text": " \u043f\u043e\u044d\u0442\u043e\u043c\u0443 \u043c\u043d\u0435 \u043d\u0443\u0436\u0435\u043d \u0448\u0430\u0431\u043b\u043e\u043d \u0431\u044b\u043b \u0432\u0441\u0435 \u0434\u043e\u0433\u043e\u0432\u043e\u0440\u0438\u043b\u0438\u0441\u044c \u0442\u043e\u0433\u0434\u0430 \u0432\u0441\u0435 \u0431\u0443\u0434\u0443 \u0436\u0434\u0430\u0442\u044c \u0441\u043f\u0430\u0441\u0438\u0431\u043e", "tokens": [50365, 19698, 8531, 47867, 5941, 3771, 31058, 10059, 4640, 36056, 6362, 19285, 21696, 4640, 21407, 27020, 2209, 37536, 50587], "temperature": 0.0, "avg_logprob": -0.5353721838731033, "compression_ratio": 1.4745762711864407, "no_speech_prob": 0.00032499482040293515}, {"id": 3, "seek": 2522, "start": 29.66, "end": 33.379999999999995, "text": " \u0434\u043e \u0441\u0432\u0438\u0434\u0430\u043d\u0438\u044f \u0441\u043f\u0430\u0441\u0438\u0431\u043e", "tokens": [50587, 5865, 43666, 8831, 37536, 50773], "temperature": 0.0, "avg_logprob": -0.5353721838731033, "compression_ratio": 1.4745762711864407, "no_speech_prob": 0.00032499482040293515}], "language": "Russian"}