{"text": " \u0414\u0430, \u0445\u043e\u0440\u043e\u0448\u043e, \u0441\u043f\u0430\u0441\u0438\u0431\u043e.", "segments": [{"id": 0, "seek": 0, "start": 0.0, "end": 20.68, "text": " \u0414\u0430, \u0445\u043e\u0440\u043e\u0448\u043e, \u0441\u043f\u0430\u0441\u0438\u0431\u043e.", "tokens": [50365, 9149, 11, 16977, 11, 37536, 13, 51399], "temperature": 0.0, "avg_logprob": -0.22879097196790907, "compression_ratio": 0.8536585365853658, "no_speech_prob": 0.10484346002340317}], "language": "Russian"}