{"text": " \u043d\u0430\u0441\u0442\u0440\u043e\u0435\u043d\u0438\u0435. \u0414\u043e\u0431\u0440\u044b\u0439 \u0434\u0435\u043d\u044c, \u043c\u0430\u0433\u0430\u0437\u0438\u043d IceCase. \u041c\u0435\u043d\u044f \u0437\u043e\u0432\u0443\u0442 \u0418\u0433\u043d\u0430\u0442. \u0417\u0432\u043e\u043d\u044e \u043f\u043e \u043f\u043e\u0432\u043e\u0434\u0443 \u0432\u0430\u0448\u0435\u0433\u043e \u0438\u043d\u0442\u0435\u0440\u043d\u0435\u0442-\u0437\u0430\u043a\u0430\u0437\u0430 \u043d\u0430 iPhone 13 Pro Max \u0438\u0437 Trade-In. \u0421\u043e\u0431\u0440\u0430\u043b\u0438 \u0437\u0430\u043a\u0430\u0437. \u041f\u0435\u0440\u0435\u043c\u0435\u0449\u0430\u0435\u043c \u0435\u0433\u043e \u0432 \u043c\u0430\u0433\u0430\u0437\u0438\u043d \u043d\u0430 22-\u0439 \u043f\u043e\u0440\u0442\u044c\u0435, 194. \u041a\u0430\u043a \u043e\u043d \u0442\u043e\u043b\u044c\u043a\u043e \u043f\u0435\u0440\u0435\u043c\u0435\u0441\u0442\u0438\u0442\u0441\u044f, \u0432\u0430\u043c \u0432 WhatsApp \u043f\u043e\u0441\u0442\u0443\u043f\u0438\u0442 \u0441\u043e\u043e\u0431\u0449\u0435\u043d\u0438\u0435. \u0412\u0441\u0435, \u043e\u0442\u043b\u0438\u0447\u043d\u043e, \u043e\u0436\u0438\u0434\u0430\u0439\u0442\u0435. \u0425\u043e\u0440\u043e\u0448\u0435\u0433\u043e \u0434\u043d\u044f.", "segments": [{"id": 0, "seek": 0, "start": 0.0, "end": 0.52, "text": " \u043d\u0430\u0441\u0442\u0440\u043e\u0435\u043d\u0438\u0435.", "tokens": [50365, 47842, 5627, 13, 50391], "temperature": 0.0, "avg_logprob": -0.27453463745117185, "compression_ratio": 1.546031746031746, "no_speech_prob": 0.05914807319641113}, {"id": 1, "seek": 0, "start": 2.56, "end": 3.8000000000000003, "text": " \u0414\u043e\u0431\u0440\u044b\u0439 \u0434\u0435\u043d\u044c, \u043c\u0430\u0433\u0430\u0437\u0438\u043d IceCase.", "tokens": [50493, 3401, 13829, 4851, 13509, 11, 39771, 2599, 15332, 34, 651, 13, 50555], "temperature": 0.0, "avg_logprob": -0.27453463745117185, "compression_ratio": 1.546031746031746, "no_speech_prob": 0.05914807319641113}, {"id": 2, "seek": 0, "start": 3.9, "end": 5.5600000000000005, "text": " \u041c\u0435\u043d\u044f \u0437\u043e\u0432\u0443\u0442 \u0418\u0433\u043d\u0430\u0442. \u0417\u0432\u043e\u043d\u044e \u043f\u043e \u043f\u043e\u0432\u043e\u0434\u0443", "tokens": [50560, 47311, 46376, 3272, 1906, 1931, 403, 13, 5841, 39672, 1148, 2801, 10499, 35749, 50643], "temperature": 0.0, "avg_logprob": -0.27453463745117185, "compression_ratio": 1.546031746031746, "no_speech_prob": 0.05914807319641113}, {"id": 3, "seek": 0, "start": 5.5600000000000005, "end": 8.66, "text": " \u0432\u0430\u0448\u0435\u0433\u043e \u0438\u043d\u0442\u0435\u0440\u043d\u0435\u0442-\u0437\u0430\u043a\u0430\u0437\u0430 \u043d\u0430 iPhone 13 Pro Max", "tokens": [50643, 14536, 4353, 12073, 27021, 12, 1544, 1272, 1990, 386, 1470, 7252, 3705, 1705, 7402, 50798], "temperature": 0.0, "avg_logprob": -0.27453463745117185, "compression_ratio": 1.546031746031746, "no_speech_prob": 0.05914807319641113}, {"id": 4, "seek": 0, "start": 8.66, "end": 9.36, "text": " \u0438\u0437 Trade-In.", "tokens": [50798, 3943, 23923, 12, 4575, 13, 50833], "temperature": 0.0, "avg_logprob": -0.27453463745117185, "compression_ratio": 1.546031746031746, "no_speech_prob": 0.05914807319641113}, {"id": 5, "seek": 0, "start": 11.28, "end": 12.26, "text": " \u0421\u043e\u0431\u0440\u0430\u043b\u0438 \u0437\u0430\u043a\u0430\u0437.", "tokens": [50929, 2933, 13829, 4071, 10264, 1990, 13, 50978], "temperature": 0.0, "avg_logprob": -0.27453463745117185, "compression_ratio": 1.546031746031746, "no_speech_prob": 0.05914807319641113}, {"id": 6, "seek": 0, "start": 12.46, "end": 13.88, "text": " \u041f\u0435\u0440\u0435\u043c\u0435\u0449\u0430\u0435\u043c \u0435\u0433\u043e \u0432 \u043c\u0430\u0433\u0430\u0437\u0438\u043d", "tokens": [50988, 20426, 1504, 12932, 7906, 6448, 740, 39771, 2599, 51059], "temperature": 0.0, "avg_logprob": -0.27453463745117185, "compression_ratio": 1.546031746031746, "no_speech_prob": 0.05914807319641113}, {"id": 7, "seek": 0, "start": 13.88, "end": 15.46, "text": " \u043d\u0430 22-\u0439 \u043f\u043e\u0440\u0442\u044c\u0435, 194.", "tokens": [51059, 1470, 5853, 12, 1644, 11948, 1283, 387, 11, 9754, 13, 51138], "temperature": 0.0, "avg_logprob": -0.27453463745117185, "compression_ratio": 1.546031746031746, "no_speech_prob": 0.05914807319641113}, {"id": 8, "seek": 0, "start": 16.54, "end": 17.78, "text": " \u041a\u0430\u043a \u043e\u043d \u0442\u043e\u043b\u044c\u043a\u043e \u043f\u0435\u0440\u0435\u043c\u0435\u0441\u0442\u0438\u0442\u0441\u044f,", "tokens": [51192, 11011, 5345, 9008, 35903, 5740, 8254, 11, 51254], "temperature": 0.0, "avg_logprob": -0.27453463745117185, "compression_ratio": 1.546031746031746, "no_speech_prob": 0.05914807319641113}, {"id": 9, "seek": 0, "start": 17.94, "end": 19.26, "text": " \u0432\u0430\u043c \u0432 WhatsApp \u043f\u043e\u0441\u0442\u0443\u043f\u0438\u0442 \u0441\u043e\u043e\u0431\u0449\u0435\u043d\u0438\u0435.", "tokens": [51262, 10448, 740, 30513, 43829, 1635, 40626, 5627, 13, 51328], "temperature": 0.0, "avg_logprob": -0.27453463745117185, "compression_ratio": 1.546031746031746, "no_speech_prob": 0.05914807319641113}, {"id": 10, "seek": 0, "start": 21.18, "end": 21.78, "text": " \u0412\u0441\u0435, \u043e\u0442\u043b\u0438\u0447\u043d\u043e,", "tokens": [51424, 18029, 11, 2943, 40955, 11, 51454], "temperature": 0.0, "avg_logprob": -0.27453463745117185, "compression_ratio": 1.546031746031746, "no_speech_prob": 0.05914807319641113}, {"id": 11, "seek": 0, "start": 21.900000000000002, "end": 22.26, "text": " \u043e\u0436\u0438\u0434\u0430\u0439\u0442\u0435.", "tokens": [51460, 47136, 10330, 13, 51478], "temperature": 0.0, "avg_logprob": -0.27453463745117185, "compression_ratio": 1.546031746031746, "no_speech_prob": 0.05914807319641113}, {"id": 12, "seek": 0, "start": 23.56, "end": 24.36, "text": " \u0425\u043e\u0440\u043e\u0448\u0435\u0433\u043e \u0434\u043d\u044f.", "tokens": [51543, 9456, 9247, 4353, 36115, 13, 51583], "temperature": 0.0, "avg_logprob": -0.27453463745117185, "compression_ratio": 1.546031746031746, "no_speech_prob": 0.05914807319641113}], "language": "Russian"}