{"text": " \u041c\u044b \u043d\u0435 \u0440\u0435\u043c\u043e\u043d\u0442\u0438\u0440\u0443\u0435\u043c, \u0434\u0430, \u043a \u0441\u043e\u0436\u0430\u043b\u0435\u043d\u0438\u044e, \u043d\u0435\u0442. \u0423 \u043d\u0430\u0441 \u0440\u0435\u043c\u043e\u043d\u0442 \u0442\u0435\u0445\u043d\u0438\u043a\u0438 Apple. \u0414\u0430, \u043a\u043e\u043d\u0435\u0447\u043d\u043e, \u0445\u043e\u0440\u043e\u0448\u0438\u0439 \u0432\u0435\u0447\u0435\u0440.", "segments": [{"id": 0, "seek": 0, "start": 0.0, "end": 14.68, "text": " \u041c\u044b \u043d\u0435 \u0440\u0435\u043c\u043e\u043d\u0442\u0438\u0440\u0443\u0435\u043c, \u0434\u0430, \u043a \u0441\u043e\u0436\u0430\u043b\u0435\u043d\u0438\u044e, \u043d\u0435\u0442.", "tokens": [50365, 12726, 1725, 1475, 35786, 3396, 2711, 1504, 11, 8995, 11, 981, 48018, 11, 9916, 13, 51099], "temperature": 0.0, "avg_logprob": -0.3585080122336363, "compression_ratio": 1.2913385826771653, "no_speech_prob": 0.136063814163208}, {"id": 1, "seek": 0, "start": 14.68, "end": 15.780000000000001, "text": " \u0423 \u043d\u0430\u0441 \u0440\u0435\u043c\u043e\u043d\u0442 \u0442\u0435\u0445\u043d\u0438\u043a\u0438 Apple.", "tokens": [51099, 6523, 6519, 1475, 35786, 403, 16615, 18994, 6373, 13, 51154], "temperature": 0.0, "avg_logprob": -0.3585080122336363, "compression_ratio": 1.2913385826771653, "no_speech_prob": 0.136063814163208}, {"id": 2, "seek": 0, "start": 19.740000000000002, "end": 21.400000000000002, "text": " \u0414\u0430, \u043a\u043e\u043d\u0435\u0447\u043d\u043e, \u0445\u043e\u0440\u043e\u0448\u0438\u0439 \u0432\u0435\u0447\u0435\u0440.", "tokens": [51352, 9149, 11, 15271, 11, 48917, 31943, 1135, 13, 51435], "temperature": 0.0, "avg_logprob": -0.3585080122336363, "compression_ratio": 1.2913385826771653, "no_speech_prob": 0.136063814163208}], "language": "Russian"}