{"text": " \u041d\u0430 \u043f\u043e\u0431\u0435\u0434\u0443 47-97. \u0412\u0430\u0443, \u0445\u043e\u0440\u043e\u0448\u043e. \u0412\u0430\u0443, \u0445\u043e\u0440\u043e\u0448\u043e.", "segments": [{"id": 0, "seek": 0, "start": 0.0, "end": 14.94, "text": " \u041d\u0430 \u043f\u043e\u0431\u0435\u0434\u0443 47-97.", "tokens": [50365, 11245, 39281, 585, 16953, 12, 23247, 13, 51112], "temperature": 0.0, "avg_logprob": -0.6857137680053711, "compression_ratio": 0.6857142857142857, "no_speech_prob": 0.4940517842769623}, {"id": 1, "seek": 3000, "start": 30.0, "end": 31.4, "text": " \u0412\u0430\u0443, \u0445\u043e\u0440\u043e\u0448\u043e.", "tokens": [50365, 2348, 386, 585, 11, 16977, 13, 50435], "temperature": 0.0, "avg_logprob": -0.5882319843067843, "compression_ratio": 1.303030303030303, "no_speech_prob": 0.6977817416191101}, {"id": 2, "seek": 3000, "start": 35.9, "end": 37.34, "text": " \u0412\u0430\u0443, \u0445\u043e\u0440\u043e\u0448\u043e.", "tokens": [50660, 2348, 386, 585, 11, 16977, 13, 50732], "temperature": 0.0, "avg_logprob": -0.5882319843067843, "compression_ratio": 1.303030303030303, "no_speech_prob": 0.6977817416191101}], "language": "Russian"}