{"text": " \u0414\u043e\u0431\u0440\u043e\u0435 \u0443\u0442\u0440\u043e, \u043c\u0430\u0433\u0430\u0437\u0438\u043d IceCase, \u043c\u0435\u043d\u044f \u0437\u043e\u0432\u0443\u0442 \u0414\u043c\u0438\u0442\u0440\u0438\u0439, \u0447\u0435\u043c \u043c\u043e\u0433\u0443 \u043f\u043e\u043c\u043e\u0447\u044c? 15 Pro \u043d\u0430 512 \u0447\u0435\u0440\u043d\u044b\u0439 \u0442\u0438\u0442\u0430\u043d? \u0414\u043e\u0431\u0440\u043e\u0435 \u0443\u0442\u0440\u043e, \u043c\u0430\u0433\u0430\u0437\u0438\u043d IceCase, \u043c\u0435\u043d\u044f \u0437\u043e\u0432\u0443\u0442 \u0414\u043c\u0438\u0442\u0440\u0438\u0439, \u0447\u0435\u043c \u043c\u043e\u0433\u0443 \u043f\u043e\u043c\u043e\u0447\u044c? \u0414\u043e\u0431\u0440\u043e\u0435 \u0443\u0442\u0440\u043e, \u043c\u0430\u0433\u0430\u0437\u0438\u043d IceCase, \u043c\u0435\u043d\u044f \u0437\u043e\u0432\u0443\u0442 \u0414\u043c\u0438\u0442\u0440\u0438\u0439, \u0447\u0435\u043c \u043c\u043e\u0433\u0443 \u043f\u043e\u043c\u043e\u0447\u044c?", "segments": [{"id": 0, "seek": 0, "start": 0.46, "end": 3.08, "text": " \u0414\u043e\u0431\u0440\u043e\u0435 \u0443\u0442\u0440\u043e, \u043c\u0430\u0433\u0430\u0437\u0438\u043d IceCase, \u043c\u0435\u043d\u044f \u0437\u043e\u0432\u0443\u0442 \u0414\u043c\u0438\u0442\u0440\u0438\u0439, \u0447\u0435\u043c \u043c\u043e\u0433\u0443 \u043f\u043e\u043c\u043e\u0447\u044c?", "tokens": [50388, 3401, 13829, 5805, 25448, 9938, 11, 39771, 2599, 15332, 34, 651, 11, 6885, 46376, 3401, 919, 1635, 50161, 11, 12056, 22951, 8613, 27497, 30, 50519], "temperature": 0.0, "avg_logprob": -0.2317665540255033, "compression_ratio": 1.1417910447761195, "no_speech_prob": 0.19538338482379913}, {"id": 1, "seek": 0, "start": 20.72, "end": 22.740000000000002, "text": " 15 Pro \u043d\u0430 512 \u0447\u0435\u0440\u043d\u044b\u0439 \u0442\u0438\u0442\u0430\u043d?", "tokens": [51401, 2119, 1705, 1470, 1025, 4762, 12360, 4441, 1069, 48809, 30, 51502], "temperature": 0.0, "avg_logprob": -0.2317665540255033, "compression_ratio": 1.1417910447761195, "no_speech_prob": 0.19538338482379913}, {"id": 2, "seek": 3000, "start": 30.0, "end": 59.980000000000004, "text": " \u0414\u043e\u0431\u0440\u043e\u0435 \u0443\u0442\u0440\u043e, \u043c\u0430\u0433\u0430\u0437\u0438\u043d IceCase, \u043c\u0435\u043d\u044f \u0437\u043e\u0432\u0443\u0442 \u0414\u043c\u0438\u0442\u0440\u0438\u0439, \u0447\u0435\u043c \u043c\u043e\u0433\u0443 \u043f\u043e\u043c\u043e\u0447\u044c?", "tokens": [50365, 3401, 13829, 5805, 25448, 9938, 11, 39771, 2599, 15332, 34, 651, 11, 6885, 46376, 3401, 919, 1635, 50161, 11, 12056, 22951, 8613, 27497, 30, 51864], "temperature": 0.0, "avg_logprob": -0.18072631624009874, "compression_ratio": 1.108910891089109, "no_speech_prob": 0.03701025992631912}, {"id": 3, "seek": 6000, "start": 60.0, "end": 89.98, "text": " \u0414\u043e\u0431\u0440\u043e\u0435 \u0443\u0442\u0440\u043e, \u043c\u0430\u0433\u0430\u0437\u0438\u043d IceCase, \u043c\u0435\u043d\u044f \u0437\u043e\u0432\u0443\u0442 \u0414\u043c\u0438\u0442\u0440\u0438\u0439, \u0447\u0435\u043c \u043c\u043e\u0433\u0443 \u043f\u043e\u043c\u043e\u0447\u044c?", "tokens": [50365, 3401, 13829, 5805, 25448, 9938, 11, 39771, 2599, 15332, 34, 651, 11, 6885, 46376, 3401, 919, 1635, 50161, 11, 12056, 22951, 8613, 27497, 30, 51864], "temperature": 0.0, "avg_logprob": -0.13362394438849556, "compression_ratio": 1.108910891089109, "no_speech_prob": 0.006387371104210615}], "language": "Russian"}