{"text": " \u0410\u043b\u043b\u043e. \u041d\u0430\u0439\u0441 \u043a\u0435\u0439\u0441, \u0434\u0430? \u0422\u0430\u043a, \u043d\u0443 \u043f\u0440\u043e\u0441\u0442\u043e \u043c\u0443\u0436 \u0441 \u0432\u0430\u043c\u0438 \u043e\u0431\u0449\u0430\u043b\u0441\u044f, \u0432\u043e\u0442, \u043f\u043e\u044d\u0442\u043e\u043c\u0443 \u044f \u043d\u0435 \u0441\u043e\u0432\u0441\u0435\u043c \u0442\u0430\u043c \u0434\u043e \u043a\u043e\u043d\u0446\u0430 \u0432 \u043a\u0443\u0440\u0441\u0435. \u0412\u0430\u0434\u0438\u043c, \u0430 \u043f\u043e\u0433\u043e\u0432\u043e\u0440\u0438 \u043f\u043e \u0447\u0430\u0441\u0430\u043c \u0441 \u043c\u043e\u043b\u043e\u0434\u044b\u043c \u0447\u0435\u043b\u043e\u0432\u0435\u043a\u043e\u043c. \u041d\u0430 \u043a\u0430\u043a\u043e\u0439 WhatsApp \u0432\u044b? \u0410\u043b\u043b\u043e. \u0410 \u0432\u044b \u043c\u043e\u0436\u0435\u0442\u0435 \u043d\u0430 \u043f\u043e\u0447\u0442\u0443 \u043e\u0442\u043f\u0440\u0430\u0432\u0438\u0442\u044c \u0432\u043e\u0442 \u043e\u0431\u0440\u0430\u0442\u043d\u044b\u043c \u043f\u0438\u0441\u044c\u043c\u043e\u043c \u043f\u043e \u0437\u0430\u043a\u0430\u0437\u0443? \u0412\u0441\u0435, \u0445\u043e\u0440\u043e\u0448\u043e, \u0441\u043f\u0430\u0441\u0438\u0431\u043e. \u042f \u043d\u0435 \u043f\u0435\u0440\u0435\u0436\u0438\u0432\u0430\u044e.", "segments": [{"id": 0, "seek": 0, "start": 0.0, "end": 21.68, "text": " \u0410\u043b\u043b\u043e. \u041d\u0430\u0439\u0441 \u043a\u0435\u0439\u0441, \u0434\u0430? \u0422\u0430\u043a, \u043d\u0443 \u043f\u0440\u043e\u0441\u0442\u043e \u043c\u0443\u0436 \u0441 \u0432\u0430\u043c\u0438 \u043e\u0431\u0449\u0430\u043b\u0441\u044f, \u0432\u043e\u0442, \u043f\u043e\u044d\u0442\u043e\u043c\u0443 \u044f \u043d\u0435 \u0441\u043e\u0432\u0441\u0435\u043c \u0442\u0430\u043c \u0434\u043e \u043a\u043e\u043d\u0446\u0430 \u0432 \u043a\u0443\u0440\u0441\u0435.", "tokens": [50365, 43104, 4610, 13, 2410, 3183, 461, 981, 2345, 461, 11, 8995, 30, 8770, 11, 13087, 8221, 22081, 776, 24166, 17224, 13340, 11, 5505, 11, 19698, 2552, 1725, 27711, 8223, 5865, 6184, 11530, 740, 28975, 28340, 13, 51449], "temperature": 0.0, "avg_logprob": -0.3204993095950804, "compression_ratio": 1.4829268292682927, "no_speech_prob": 0.06648261845111847}, {"id": 1, "seek": 0, "start": 21.68, "end": 24.68, "text": " \u0412\u0430\u0434\u0438\u043c, \u0430 \u043f\u043e\u0433\u043e\u0432\u043e\u0440\u0438 \u043f\u043e \u0447\u0430\u0441\u0430\u043c \u0441 \u043c\u043e\u043b\u043e\u0434\u044b\u043c \u0447\u0435\u043b\u043e\u0432\u0435\u043a\u043e\u043c.", "tokens": [51449, 2348, 2601, 2165, 11, 2559, 38858, 435, 2801, 13562, 1685, 776, 28801, 11250, 11326, 1253, 13, 51599], "temperature": 0.0, "avg_logprob": -0.3204993095950804, "compression_ratio": 1.4829268292682927, "no_speech_prob": 0.06648261845111847}, {"id": 2, "seek": 0, "start": 25.78, "end": 26.76, "text": " \u041d\u0430 \u043a\u0430\u043a\u043e\u0439 WhatsApp \u0432\u044b?", "tokens": [51654, 11245, 16898, 30513, 2840, 30, 51703], "temperature": 0.0, "avg_logprob": -0.3204993095950804, "compression_ratio": 1.4829268292682927, "no_speech_prob": 0.06648261845111847}, {"id": 3, "seek": 0, "start": 27.78, "end": 28.38, "text": " \u0410\u043b\u043b\u043e.", "tokens": [51754, 43104, 4610, 13, 51784], "temperature": 0.0, "avg_logprob": -0.3204993095950804, "compression_ratio": 1.4829268292682927, "no_speech_prob": 0.06648261845111847}, {"id": 4, "seek": 3000, "start": 30.0, "end": 43.620000000000005, "text": " \u0410 \u0432\u044b \u043c\u043e\u0436\u0435\u0442\u0435 \u043d\u0430 \u043f\u043e\u0447\u0442\u0443 \u043e\u0442\u043f\u0440\u0430\u0432\u0438\u0442\u044c \u0432\u043e\u0442 \u043e\u0431\u0440\u0430\u0442\u043d\u044b\u043c \u043f\u0438\u0441\u044c\u043c\u043e\u043c \u043f\u043e \u0437\u0430\u043a\u0430\u0437\u0443?", "tokens": [50365, 3450, 2840, 23578, 1470, 12079, 13549, 38427, 3258, 5505, 29851, 8412, 713, 10363, 919, 1253, 2801, 10264, 1990, 585, 30, 51046], "temperature": 0.0, "avg_logprob": -0.08649904313294784, "compression_ratio": 1.2282608695652173, "no_speech_prob": 0.009194077923893929}, {"id": 5, "seek": 6000, "start": 60.0, "end": 63.5, "text": " \u0412\u0441\u0435, \u0445\u043e\u0440\u043e\u0448\u043e, \u0441\u043f\u0430\u0441\u0438\u0431\u043e.", "tokens": [50365, 18029, 11, 16977, 11, 37536, 13, 50540], "temperature": 0.0, "avg_logprob": -0.6482730753281537, "compression_ratio": 0.9558823529411765, "no_speech_prob": 0.0015246180118992925}, {"id": 6, "seek": 6000, "start": 63.66, "end": 64.44, "text": " \u042f \u043d\u0435 \u043f\u0435\u0440\u0435\u0436\u0438\u0432\u0430\u044e.", "tokens": [50548, 4857, 1725, 46450, 2739, 3776, 13, 50587], "temperature": 0.0, "avg_logprob": -0.6482730753281537, "compression_ratio": 0.9558823529411765, "no_speech_prob": 0.0015246180118992925}], "language": "Russian"}