{"text": " \u0414\u043e\u0431\u0440\u044b\u0439 \u0434\u0435\u043d\u044c, \u0432\u0430\u0441 \u0431\u0435\u0441\u043f\u043e\u043a\u043e\u0438\u0442 \u043c\u0430\u0433\u0430\u0437\u0438\u043d Ice Case. \u041c\u0435\u043d\u044f \u0437\u043e\u0432\u0443\u0442 \u0410\u043b\u0435\u043a\u0441\u0430\u043d\u0434\u0440. \u0417\u0432\u043e\u043d\u044e \u043f\u043e \u043f\u043e\u0432\u043e\u0434\u0443 \u0432\u0430\u0448\u0435\u0433\u043e \u0437\u0430\u043a\u0430\u0437\u0430 \u043d\u0430 \u0443\u0432\u043b\u0430\u0436\u043d\u0438\u0442\u0435\u043b\u044c \u0441 \u043a\u0441\u0438\u043e\u043c\u0438. \u0425\u043e\u0442\u0435\u043b\u0438 \u0443\u0442\u043e\u0447\u043d\u0438\u0442\u044c, \u0432 \u043a\u0430\u043a\u043e\u043c \u043c\u0430\u0433\u0430\u0437\u0438\u043d\u0435 \u0432\u0430\u043c \u0431\u0443\u0434\u0435\u0442 \u0443\u0434\u043e\u0431\u043d\u043e \u0437\u0430\u0431\u0440\u0430\u0442\u044c \u0437\u0430\u043a\u0430\u0437? \u041d\u0430 22-\u0433\u043e. \u0412\u0441\u0435, \u0445\u043e\u0440\u043e\u0448\u043e. \u0422\u0430\u043a, \u0434\u0430 \u0442\u0430\u043a. \u0410, \u043d\u0435\u0442, \u043d\u0435\u0442, \u043d\u0435\u0442. \u041d\u0438\u043a\u0430\u043a\u043e\u0439 \u043f\u0440\u043e\u0434\u043e\u043f\u043b\u0430\u0442\u044b \u043d\u0435 \u043d\u0430\u0434\u043e. \u0417\u0430\u0432\u0442\u0440\u0430 \u0441\u043c\u043e\u0436\u0435\u0442\u0435 \u0437\u0430\u0431\u0440\u0430\u0442\u044c. \u0414\u043e \u0441\u0432\u0438\u0434\u0430\u043d\u0438\u044f.", "segments": [{"id": 0, "seek": 0, "start": 0.88, "end": 3.84, "text": " \u0414\u043e\u0431\u0440\u044b\u0439 \u0434\u0435\u043d\u044c, \u0432\u0430\u0441 \u0431\u0435\u0441\u043f\u043e\u043a\u043e\u0438\u0442 \u043c\u0430\u0433\u0430\u0437\u0438\u043d Ice Case. \u041c\u0435\u043d\u044f \u0437\u043e\u0432\u0443\u0442 \u0410\u043b\u0435\u043a\u0441\u0430\u043d\u0434\u0440.", "tokens": [50409, 3401, 13829, 4851, 13509, 11, 10655, 32971, 32622, 1635, 39771, 2599, 15332, 17791, 13, 47311, 46376, 44938, 481, 13, 50557], "temperature": 0.0, "avg_logprob": -0.19467985832085044, "compression_ratio": 1.7331081081081081, "no_speech_prob": 0.3270140588283539}, {"id": 1, "seek": 0, "start": 4.0200000000000005, "end": 6.46, "text": " \u0417\u0432\u043e\u043d\u044e \u043f\u043e \u043f\u043e\u0432\u043e\u0434\u0443 \u0432\u0430\u0448\u0435\u0433\u043e \u0437\u0430\u043a\u0430\u0437\u0430 \u043d\u0430 \u0443\u0432\u043b\u0430\u0436\u043d\u0438\u0442\u0435\u043b\u044c \u0441 \u043a\u0441\u0438\u043e\u043c\u0438.", "tokens": [50566, 5841, 39672, 1148, 2801, 10499, 35749, 14536, 4353, 10264, 1990, 386, 1470, 13247, 693, 3234, 489, 7809, 776, 981, 461, 435, 1253, 435, 13, 50688], "temperature": 0.0, "avg_logprob": -0.19467985832085044, "compression_ratio": 1.7331081081081081, "no_speech_prob": 0.3270140588283539}, {"id": 2, "seek": 0, "start": 6.88, "end": 9.540000000000001, "text": " \u0425\u043e\u0442\u0435\u043b\u0438 \u0443\u0442\u043e\u0447\u043d\u0438\u0442\u044c, \u0432 \u043a\u0430\u043a\u043e\u043c \u043c\u0430\u0433\u0430\u0437\u0438\u043d\u0435 \u0432\u0430\u043c \u0431\u0443\u0434\u0435\u0442 \u0443\u0434\u043e\u0431\u043d\u043e \u0437\u0430\u0431\u0440\u0430\u0442\u044c \u0437\u0430\u043a\u0430\u0437?", "tokens": [50709, 35886, 8334, 1595, 20483, 31087, 11, 740, 3014, 1253, 39771, 20998, 10448, 7306, 35943, 1234, 13890, 30260, 10264, 1990, 30, 50842], "temperature": 0.0, "avg_logprob": -0.19467985832085044, "compression_ratio": 1.7331081081081081, "no_speech_prob": 0.3270140588283539}, {"id": 3, "seek": 0, "start": 12.0, "end": 14.200000000000001, "text": " \u041d\u0430 22-\u0433\u043e. \u0412\u0441\u0435, \u0445\u043e\u0440\u043e\u0448\u043e.", "tokens": [50965, 11245, 5853, 12, 4567, 13, 18029, 11, 16977, 13, 51075], "temperature": 0.0, "avg_logprob": -0.19467985832085044, "compression_ratio": 1.7331081081081081, "no_speech_prob": 0.3270140588283539}, {"id": 4, "seek": 0, "start": 16.52, "end": 17.1, "text": " \u0422\u0430\u043a, \u0434\u0430 \u0442\u0430\u043a.", "tokens": [51191, 8770, 11, 8995, 2936, 13, 51220], "temperature": 0.0, "avg_logprob": -0.19467985832085044, "compression_ratio": 1.7331081081081081, "no_speech_prob": 0.3270140588283539}, {"id": 5, "seek": 0, "start": 22.28, "end": 25.68, "text": " \u0410, \u043d\u0435\u0442, \u043d\u0435\u0442, \u043d\u0435\u0442. \u041d\u0438\u043a\u0430\u043a\u043e\u0439 \u043f\u0440\u043e\u0434\u043e\u043f\u043b\u0430\u0442\u044b \u043d\u0435 \u043d\u0430\u0434\u043e.", "tokens": [51479, 3450, 11, 9916, 11, 9916, 11, 9916, 13, 28448, 1272, 1700, 11354, 3762, 25834, 698, 1725, 13256, 13, 51649], "temperature": 0.0, "avg_logprob": -0.19467985832085044, "compression_ratio": 1.7331081081081081, "no_speech_prob": 0.3270140588283539}, {"id": 6, "seek": 0, "start": 26.18, "end": 27.12, "text": " \u0417\u0430\u0432\u0442\u0440\u0430 \u0441\u043c\u043e\u0436\u0435\u0442\u0435 \u0437\u0430\u0431\u0440\u0430\u0442\u044c.", "tokens": [51674, 5841, 1828, 37397, 47044, 10524, 13890, 30260, 13, 51721], "temperature": 0.0, "avg_logprob": -0.19467985832085044, "compression_ratio": 1.7331081081081081, "no_speech_prob": 0.3270140588283539}, {"id": 7, "seek": 3000, "start": 30.0, "end": 30.42, "text": " \u0414\u043e \u0441\u0432\u0438\u0434\u0430\u043d\u0438\u044f.", "tokens": [50365, 31695, 43666, 8831, 13, 50386], "temperature": 0.0, "avg_logprob": -0.13867733308247157, "compression_ratio": 0.6666666666666666, "no_speech_prob": 0.0007672554929740727}], "language": "Russian"}