{"text": " \u0410\u043b\u043b\u043e. \u0414\u0430, \u0437\u0434\u0440\u0430\u0432\u0441\u0442\u0432\u0443\u0439\u0442\u0435. \u041d\u0435\u0442, \u043d\u0443 \u0434\u0430, \u0436\u0435\u043b\u0430\u043d\u0438\u0435 \u0435\u0441\u0442\u044c. \u0422\u0430\u043a, \u0430 \u0432\u044b \u043c\u043d\u0435 \u0441\u043a\u0430\u0436\u0438\u0442\u0435, \u044d\u0442\u043e \u0437\u0430\u0431\u0438\u0440\u0430\u0442\u044c \u043c\u043d\u0435 \u043a\u043e\u0433\u0434\u0430? \u0412 \u0432\u043e\u0441\u043a\u0440\u0435\u0441\u0435\u043d\u044c\u0435? \u0422\u0430\u043a, \u044d\u0442\u043e \u0433\u0434\u0435 \u0430\u043f\u0435\u043b\u044c\u0441\u0438\u043d? \u0422\u0430\u043a, \u043d\u0443 \u043b\u0430\u0434\u043d\u043e, \u044f \u043f\u043e\u0441\u043c\u043e\u0442\u0440\u044e \u0442\u043e\u0433\u0434\u0430 \u0432 \u044d\u0442\u043e\u043c. \u0422\u0430\u043a, \u043d\u0443 \u0432\u0441\u0435, \u0445\u043e\u0440\u043e\u0448\u043e. \u0422\u0430\u043a, \u043d\u0443 \u044d\u0442\u043e \u0441 10, \u0434\u0430? \u041d\u0443 \u0442\u043e \u0435\u0441\u0442\u044c \u0432 \u0432\u043e\u0441\u043a\u0440\u0435\u0441\u0435\u043d\u044c\u0435 \u0441 \u0443\u0442\u0440\u0430 \u0443\u0436\u0435 \u043c\u043e\u0433\u0443 \u0437\u0430\u0431\u0440\u0430\u0442\u044c. \u041d\u0443 \u0432\u0441\u0435, \u0432\u044b \u043c\u043d\u0435 \u0442\u0430\u043c \u043f\u0440\u0438\u0448\u043b\u0435\u0442\u0435 \u0441\u043c\u0441. \u0414\u0430. \u0425\u043e\u0440\u043e\u0448\u043e, \u043b\u0430\u0434\u043d\u043e, \u0441\u043f\u0430\u0441\u0438\u0431\u043e. \u0414\u0430, \u0434\u043e\u0441\u0442\u0430\u043d\u0435\u043c. \u0421\u043f\u0430\u0441\u0438\u0431\u043e.", "segments": [{"id": 0, "seek": 0, "start": 0.0, "end": 5.32, "text": " \u0410\u043b\u043b\u043e. \u0414\u0430, \u0437\u0434\u0440\u0430\u0432\u0441\u0442\u0432\u0443\u0439\u0442\u0435.", "tokens": [50365, 43104, 4610, 13, 9149, 11, 7608, 36359, 13, 50631], "temperature": 0.0, "avg_logprob": -0.2051206718791615, "compression_ratio": 0.8723404255319149, "no_speech_prob": 0.2804354131221771}, {"id": 1, "seek": 3000, "start": 30.0, "end": 38.54, "text": " \u041d\u0435\u0442, \u043d\u0443 \u0434\u0430, \u0436\u0435\u043b\u0430\u043d\u0438\u0435 \u0435\u0441\u0442\u044c.", "tokens": [50365, 21249, 11, 13087, 8995, 11, 21788, 9633, 5640, 13, 50792], "temperature": 0.0, "avg_logprob": -0.1506723647421979, "compression_ratio": 1.4328358208955223, "no_speech_prob": 0.01223495602607727}, {"id": 2, "seek": 3000, "start": 38.54, "end": 42.86, "text": " \u0422\u0430\u043a, \u0430 \u0432\u044b \u043c\u043d\u0435 \u0441\u043a\u0430\u0436\u0438\u0442\u0435, \u044d\u0442\u043e \u0437\u0430\u0431\u0438\u0440\u0430\u0442\u044c \u043c\u043d\u0435 \u043a\u043e\u0433\u0434\u0430? \u0412 \u0432\u043e\u0441\u043a\u0440\u0435\u0441\u0435\u043d\u044c\u0435?", "tokens": [50792, 8770, 11, 2559, 2840, 8531, 21938, 5878, 11, 2691, 13890, 4490, 2209, 8531, 8874, 30, 2348, 18867, 22274, 2292, 3888, 387, 30, 51008], "temperature": 0.0, "avg_logprob": -0.1506723647421979, "compression_ratio": 1.4328358208955223, "no_speech_prob": 0.01223495602607727}, {"id": 3, "seek": 3000, "start": 55.019999999999996, "end": 57.0, "text": " \u0422\u0430\u043a, \u044d\u0442\u043e \u0433\u0434\u0435 \u0430\u043f\u0435\u043b\u044c\u0441\u0438\u043d?", "tokens": [51616, 8770, 11, 2691, 11418, 29356, 3908, 461, 2599, 30, 51715], "temperature": 0.0, "avg_logprob": -0.1506723647421979, "compression_ratio": 1.4328358208955223, "no_speech_prob": 0.01223495602607727}, {"id": 4, "seek": 6000, "start": 60.0, "end": 68.94, "text": " \u0422\u0430\u043a, \u043d\u0443 \u043b\u0430\u0434\u043d\u043e, \u044f \u043f\u043e\u0441\u043c\u043e\u0442\u0440\u044e \u0442\u043e\u0433\u0434\u0430 \u0432 \u044d\u0442\u043e\u043c.", "tokens": [50365, 8770, 11, 13087, 44107, 11, 2552, 19240, 1148, 21696, 740, 10755, 13, 50812], "temperature": 0.0, "avg_logprob": -0.20965295367770725, "compression_ratio": 1.6, "no_speech_prob": 0.001727352268062532}, {"id": 5, "seek": 6000, "start": 68.94, "end": 73.32, "text": " \u0422\u0430\u043a, \u043d\u0443 \u0432\u0441\u0435, \u0445\u043e\u0440\u043e\u0448\u043e.", "tokens": [50812, 8770, 11, 13087, 4640, 11, 16977, 13, 51031], "temperature": 0.0, "avg_logprob": -0.20965295367770725, "compression_ratio": 1.6, "no_speech_prob": 0.001727352268062532}, {"id": 6, "seek": 6000, "start": 74.88, "end": 76.5, "text": " \u0422\u0430\u043a, \u043d\u0443 \u044d\u0442\u043e \u0441 10, \u0434\u0430?", "tokens": [51109, 8770, 11, 13087, 2691, 776, 1266, 11, 8995, 30, 51190], "temperature": 0.0, "avg_logprob": -0.20965295367770725, "compression_ratio": 1.6, "no_speech_prob": 0.001727352268062532}, {"id": 7, "seek": 6000, "start": 80.46000000000001, "end": 83.2, "text": " \u041d\u0443 \u0442\u043e \u0435\u0441\u0442\u044c \u0432 \u0432\u043e\u0441\u043a\u0440\u0435\u0441\u0435\u043d\u044c\u0435 \u0441 \u0443\u0442\u0440\u0430 \u0443\u0436\u0435 \u043c\u043e\u0433\u0443 \u0437\u0430\u0431\u0440\u0430\u0442\u044c.", "tokens": [51388, 7571, 4572, 5640, 740, 18867, 22274, 2292, 3888, 387, 776, 25448, 3580, 7520, 22951, 13890, 30260, 13, 51525], "temperature": 0.0, "avg_logprob": -0.20965295367770725, "compression_ratio": 1.6, "no_speech_prob": 0.001727352268062532}, {"id": 8, "seek": 6000, "start": 85.3, "end": 88.44, "text": " \u041d\u0443 \u0432\u0441\u0435, \u0432\u044b \u043c\u043d\u0435 \u0442\u0430\u043c \u043f\u0440\u0438\u0448\u043b\u0435\u0442\u0435 \u0441\u043c\u0441.", "tokens": [51630, 7571, 4640, 11, 2840, 8531, 8223, 22448, 693, 10524, 6871, 461, 13, 51787], "temperature": 0.0, "avg_logprob": -0.20965295367770725, "compression_ratio": 1.6, "no_speech_prob": 0.001727352268062532}, {"id": 9, "seek": 6000, "start": 89.48, "end": 89.96000000000001, "text": " \u0414\u0430.", "tokens": [51839, 9149, 13, 51863], "temperature": 0.0, "avg_logprob": -0.20965295367770725, "compression_ratio": 1.6, "no_speech_prob": 0.001727352268062532}, {"id": 10, "seek": 9000, "start": 90.12, "end": 91.3, "text": " \u0425\u043e\u0440\u043e\u0448\u043e, \u043b\u0430\u0434\u043d\u043e, \u0441\u043f\u0430\u0441\u0438\u0431\u043e.", "tokens": [50371, 37564, 11, 44107, 11, 37536, 13, 50430], "temperature": 0.0, "avg_logprob": -0.3397813524518694, "compression_ratio": 1.1095890410958904, "no_speech_prob": 0.00031257260707207024}, {"id": 11, "seek": 9000, "start": 92.76, "end": 93.82, "text": " \u0414\u0430, \u0434\u043e\u0441\u0442\u0430\u043d\u0435\u043c.", "tokens": [50503, 9149, 11, 34543, 1416, 1504, 13, 50556], "temperature": 0.0, "avg_logprob": -0.3397813524518694, "compression_ratio": 1.1095890410958904, "no_speech_prob": 0.00031257260707207024}, {"id": 12, "seek": 9000, "start": 98.94, "end": 99.94, "text": " \u0421\u043f\u0430\u0441\u0438\u0431\u043e.", "tokens": [50812, 29219, 13, 50862], "temperature": 0.0, "avg_logprob": -0.3397813524518694, "compression_ratio": 1.1095890410958904, "no_speech_prob": 0.00031257260707207024}], "language": "Russian"}