{"text": " \u0414\u043e\u0431\u0440\u044b\u0439 \u0432\u0435\u0447\u0435\u0440, \u0430 \u043c\u043d\u0435 \u043d\u0443\u0436\u043d\u043e \u0441\u043e\u0435\u0434\u0438\u043d\u0438\u0442\u044c\u0441\u044f \u0441 \u043c\u0430\u0433\u0430\u0437\u0438\u043d\u043e\u043c \u043d\u0430 \u041c\u0438\u0447\u0443\u0440\u0438\u043d\u043e \u0421\u0430\u043c\u0430\u0440 \u042f \u043f\u0440\u043e\u0441\u0442\u043e \u0437\u0430\u0434\u0430\u0432\u0430\u043b \u043d\u0430 \u0437\u0430\u043c\u0435\u043d\u0443 \u044d\u043a\u0440\u0430\u043d \u043d\u0430 \u0442\u0435\u043b\u0435\u0444\u043e\u043d, \u043e\u0431\u0435\u0449\u0430\u043b\u0438 \u0441\u0435\u0433\u043e\u0434\u043d\u044f \u0441\u0434\u0435\u043b\u0430\u0442\u044c, \u0447\u0442\u043e-\u0442\u043e \u043d\u0435 \u0437\u0432\u043e\u043d\u044f\u0442 \u041c\u043d\u0435 \u043d\u0443\u0436\u043d\u043e \u0437\u043d\u0430\u0442\u044c, \u043a\u043e\u0433\u0434\u0430 \u0437\u0430\u0431\u0440\u0430\u0442\u044c \u041d\u0435\u0442, \u0432\u043e\u0437\u043c\u043e\u0436\u043d\u043e, \u0432 \u043e\u0431\u0449\u0435\u043c \u0414\u0430, \u043a\u043b\u0438\u043d\u0438\u0447\u0435\u0441\u043a\u0430\u044f 25 \u041f\u0440\u0430\u0432\u0438\u043b\u044c\u043d\u043e \u0421\u043f\u0430\u0441\u0438\u0431\u043e \u0414\u0430, \u0441\u043f\u0430\u0441\u0438\u0431\u043e", "segments": [{"id": 0, "seek": 0, "start": 0.0, "end": 5.84, "text": " \u0414\u043e\u0431\u0440\u044b\u0439 \u0432\u0435\u0447\u0435\u0440, \u0430 \u043c\u043d\u0435 \u043d\u0443\u0436\u043d\u043e", "tokens": [50365, 3401, 13829, 4851, 31943, 1135, 11, 2559, 8531, 12264, 50657], "temperature": 0.0, "avg_logprob": -0.21800784542135995, "compression_ratio": 1.696969696969697, "no_speech_prob": 0.29951706528663635}, {"id": 1, "seek": 0, "start": 5.84, "end": 7.92, "text": " \u0441\u043e\u0435\u0434\u0438\u043d\u0438\u0442\u044c\u0441\u044f \u0441 \u043c\u0430\u0433\u0430\u0437\u0438\u043d\u043e\u043c \u043d\u0430 \u041c\u0438\u0447\u0443\u0440\u0438\u043d\u043e", "tokens": [50657, 7425, 2229, 20303, 14706, 776, 39771, 2599, 1253, 1470, 3493, 3903, 585, 4679, 1234, 50761], "temperature": 0.0, "avg_logprob": -0.21800784542135995, "compression_ratio": 1.696969696969697, "no_speech_prob": 0.29951706528663635}, {"id": 2, "seek": 0, "start": 7.92, "end": 8.64, "text": " \u0421\u0430\u043c\u0430\u0440", "tokens": [50761, 31152, 2222, 50797], "temperature": 0.0, "avg_logprob": -0.21800784542135995, "compression_ratio": 1.696969696969697, "no_speech_prob": 0.29951706528663635}, {"id": 3, "seek": 0, "start": 8.64, "end": 18.26, "text": " \u042f \u043f\u0440\u043e\u0441\u0442\u043e \u0437\u0430\u0434\u0430\u0432\u0430\u043b \u043d\u0430 \u0437\u0430\u043c\u0435\u043d\u0443", "tokens": [50797, 4857, 8221, 14787, 1828, 1218, 1470, 13597, 1008, 585, 51278], "temperature": 0.0, "avg_logprob": -0.21800784542135995, "compression_ratio": 1.696969696969697, "no_speech_prob": 0.29951706528663635}, {"id": 4, "seek": 0, "start": 18.26, "end": 20.16, "text": " \u044d\u043a\u0440\u0430\u043d \u043d\u0430 \u0442\u0435\u043b\u0435\u0444\u043e\u043d, \u043e\u0431\u0435\u0449\u0430\u043b\u0438", "tokens": [51278, 41643, 1470, 44485, 11, 3348, 12932, 4071, 51373], "temperature": 0.0, "avg_logprob": -0.21800784542135995, "compression_ratio": 1.696969696969697, "no_speech_prob": 0.29951706528663635}, {"id": 5, "seek": 0, "start": 20.16, "end": 21.72, "text": " \u0441\u0435\u0433\u043e\u0434\u043d\u044f \u0441\u0434\u0435\u043b\u0430\u0442\u044c, \u0447\u0442\u043e-\u0442\u043e \u043d\u0435 \u0437\u0432\u043e\u043d\u044f\u0442", "tokens": [51373, 17413, 18695, 11, 2143, 12, 860, 1725, 45832, 4558, 51451], "temperature": 0.0, "avg_logprob": -0.21800784542135995, "compression_ratio": 1.696969696969697, "no_speech_prob": 0.29951706528663635}, {"id": 6, "seek": 0, "start": 21.72, "end": 22.98, "text": " \u041c\u043d\u0435 \u043d\u0443\u0436\u043d\u043e \u0437\u043d\u0430\u0442\u044c, \u043a\u043e\u0433\u0434\u0430 \u0437\u0430\u0431\u0440\u0430\u0442\u044c", "tokens": [51451, 23204, 12264, 49997, 11, 8874, 13890, 30260, 51514], "temperature": 0.0, "avg_logprob": -0.21800784542135995, "compression_ratio": 1.696969696969697, "no_speech_prob": 0.29951706528663635}, {"id": 7, "seek": 2298, "start": 22.98, "end": 31.16, "text": " \u041d\u0435\u0442, \u0432\u043e\u0437\u043c\u043e\u0436\u043d\u043e, \u0432 \u043e\u0431\u0449\u0435\u043c", "tokens": [50365, 21249, 11, 26740, 11, 740, 26842, 50774], "temperature": 0.0, "avg_logprob": -0.38707272211710614, "compression_ratio": 1.2115384615384615, "no_speech_prob": 0.001740884268656373}, {"id": 8, "seek": 2298, "start": 31.16, "end": 33.32, "text": " \u0414\u0430, \u043a\u043b\u0438\u043d\u0438\u0447\u0435\u0441\u043a\u0430\u044f 25", "tokens": [50774, 9149, 11, 33504, 1903, 16565, 14801, 3552, 50882], "temperature": 0.0, "avg_logprob": -0.38707272211710614, "compression_ratio": 1.2115384615384615, "no_speech_prob": 0.001740884268656373}, {"id": 9, "seek": 2298, "start": 33.32, "end": 34.28, "text": " \u041f\u0440\u0430\u0432\u0438\u043b\u044c\u043d\u043e", "tokens": [50882, 39793, 18693, 50930], "temperature": 0.0, "avg_logprob": -0.38707272211710614, "compression_ratio": 1.2115384615384615, "no_speech_prob": 0.001740884268656373}, {"id": 10, "seek": 2298, "start": 34.28, "end": 38.54, "text": " \u0421\u043f\u0430\u0441\u0438\u0431\u043e", "tokens": [50930, 29219, 51143], "temperature": 0.0, "avg_logprob": -0.38707272211710614, "compression_ratio": 1.2115384615384615, "no_speech_prob": 0.001740884268656373}, {"id": 11, "seek": 2298, "start": 38.54, "end": 41.5, "text": " \u0414\u0430, \u0441\u043f\u0430\u0441\u0438\u0431\u043e", "tokens": [51143, 9149, 11, 37536, 51291], "temperature": 0.0, "avg_logprob": -0.38707272211710614, "compression_ratio": 1.2115384615384615, "no_speech_prob": 0.001740884268656373}], "language": "Russian"}