{"text": " \u0437\u0434\u0440\u0430\u0432\u0441\u0442\u0432\u0443\u0439\u0442\u0435 \u0432\u044b \u043d\u0430\u0445\u043e\u0434\u0438\u0442\u0435\u0441\u044c \u043d\u0430 \u043a\u043b\u0438\u043d\u0438\u0447\u0435\u0441\u043a\u043e\u0439 \u0436\u0435 \u0434\u0430 \u043f\u043e\u043d\u044f\u0442\u043d\u043e \u044f \u043f\u0440\u043e\u0441\u0442\u043e \u043d\u0435\u0434\u0430\u043b\u0435\u043a\u043e \u0436\u0438\u0432\u0443 \u043c\u043d\u0435 \u0438\u043d\u0442\u0435\u0440\u0435\u0441\u0443\u0435\u0442 \u0441\u043b\u0435\u0434\u0443\u044e\u0449\u0435\u0435 \u0443 \u043c\u0435\u043d\u044f \u0435\u0441\u0442\u044c \u0442\u0435\u043b\u0435\u0444\u043e\u043d samsung s10 \u0435 \u0432\u043e\u0442 \u0443 \u043d\u0435\u0433\u043e \u0442\u0430\u043a \u0441\u043a\u0430\u0437\u0430\u0442\u044c \u0438\u0437\u0434\u044b\u0445\u0430\u0435\u0442 \u0430\u043a\u043a\u0443\u043c\u0443\u043b\u044f\u0442\u043e\u0440 \u0432\u044b \u043c\u043e\u0436\u0435\u0442\u0435 \u0437\u0430\u043c\u0435\u043d\u0438\u0442\u044c \u043d\u0443 \u0438\u0437\u0432\u0438\u043d\u0438\u0442\u0435 \u043f\u043e\u0436\u0430\u043b\u0443\u0439\u0441\u0442\u0430 \u0434\u043e \u0441\u0432\u0438\u0434\u0430\u043d\u0438\u044f", "segments": [{"id": 0, "seek": 0, "start": 0.0, "end": 15.540000000000001, "text": " \u0437\u0434\u0440\u0430\u0432\u0441\u0442\u0432\u0443\u0439\u0442\u0435 \u0432\u044b \u043d\u0430\u0445\u043e\u0434\u0438\u0442\u0435\u0441\u044c \u043d\u0430 \u043a\u043b\u0438\u043d\u0438\u0447\u0435\u0441\u043a\u043e\u0439 \u0436\u0435 \u0434\u0430 \u043f\u043e\u043d\u044f\u0442\u043d\u043e \u044f \u043f\u0440\u043e\u0441\u0442\u043e \u043d\u0435\u0434\u0430\u043b\u0435\u043a\u043e \u0436\u0438\u0432\u0443 \u043c\u043d\u0435", "tokens": [50365, 7608, 36359, 2840, 1470, 16106, 5647, 1470, 33504, 1903, 16565, 11565, 6151, 8995, 39718, 2552, 8221, 15704, 1218, 18848, 15156, 585, 8531, 51142], "temperature": 0.0, "avg_logprob": -0.22704451691870595, "compression_ratio": 1.601063829787234, "no_speech_prob": 0.09124783426523209}, {"id": 1, "seek": 0, "start": 15.540000000000001, "end": 29.16, "text": " \u0438\u043d\u0442\u0435\u0440\u0435\u0441\u0443\u0435\u0442 \u0441\u043b\u0435\u0434\u0443\u044e\u0449\u0435\u0435 \u0443 \u043c\u0435\u043d\u044f \u0435\u0441\u0442\u044c \u0442\u0435\u043b\u0435\u0444\u043e\u043d samsung s10 \u0435 \u0432\u043e\u0442 \u0443 \u043d\u0435\u0433\u043e \u0442\u0430\u043a \u0441\u043a\u0430\u0437\u0430\u0442\u044c \u0438\u0437\u0434\u044b\u0445\u0430\u0435\u0442", "tokens": [51142, 15033, 17781, 15363, 3924, 30145, 1595, 6885, 5640, 44485, 3247, 32052, 262, 3279, 1997, 5505, 1595, 15052, 2936, 20636, 3943, 856, 7205, 3310, 51823], "temperature": 0.0, "avg_logprob": -0.22704451691870595, "compression_ratio": 1.601063829787234, "no_speech_prob": 0.09124783426523209}, {"id": 2, "seek": 2916, "start": 29.16, "end": 41.58, "text": " \u0430\u043a\u043a\u0443\u043c\u0443\u043b\u044f\u0442\u043e\u0440 \u0432\u044b \u043c\u043e\u0436\u0435\u0442\u0435 \u0437\u0430\u043c\u0435\u043d\u0438\u0442\u044c \u043d\u0443 \u0438\u0437\u0432\u0438\u043d\u0438\u0442\u0435 \u043f\u043e\u0436\u0430\u043b\u0443\u0439\u0441\u0442\u0430 \u0434\u043e \u0441\u0432\u0438\u0434\u0430\u043d\u0438\u044f", "tokens": [50365, 49381, 11147, 2873, 2542, 2840, 23578, 13597, 44436, 13087, 22599, 2599, 5878, 32518, 5865, 43666, 8831, 50986], "temperature": 0.0, "avg_logprob": -0.2130996302554482, "compression_ratio": 1.326086956521739, "no_speech_prob": 7.426262163789943e-05}], "language": "Russian"}