{"text": " \u0414\u043e\u0431\u0440\u044b\u0439 \u0434\u0435\u043d\u044c, \u043c\u0430\u0433\u0430\u0437\u0438\u043d \u0410\u0421\u041a\u0421, \u043c\u0435\u043d\u044f \u0437\u043e\u0432\u0443\u0442 \u0418\u0433\u043d\u0430\u0442\u043e\u0432\u0438\u0447, \u043c\u043e\u0433\u0443 \u043f\u043e\u043c\u043e\u0447\u044c? \u041d\u0443, \u0432\u044b \u0437\u0432\u043e\u043d\u0438\u0442\u0435 \u043d\u0430 \u043e\u0431\u0449\u0443\u044e \u0433\u043e\u0440\u044f\u0447\u0443\u044e \u043b\u0438\u043d\u0438\u044e, \u043a\u043b\u0438\u043d\u0438\u0447\u0435\u0441\u043a\u0443\u044e \u0443 \u043d\u0430\u0441 \u0435\u0441\u0442\u044c \u043c\u0430\u0433\u0430\u0437\u0438\u043d. \u0410, \u043a \u0441\u043e\u0436\u0430\u043b\u0435\u043d\u0438\u044e, \u043d\u0435\u0442, \u0421\u0430\u043c\u0441\u0443\u043d\u0433\u0438 \u043c\u044b \u043d\u0435 \u0440\u0435\u043c\u043e\u043d\u0442\u0438\u0440\u0443\u0435\u043c, \u0443 \u043d\u0430\u0441 \u0440\u0435\u043c\u043e\u043d\u0442 \u0442\u043e\u043b\u044c\u043a\u043e \u0430\u0439\u0444\u043e\u043d\u043e\u0432. \u0414\u0430 \u043d\u0438\u0447\u0435\u0433\u043e \u0441\u0442\u0440\u0430\u0448\u043d\u043e\u0433\u043e. \u0425\u043e\u0440\u043e\u0448\u0435\u0433\u043e \u0434\u043d\u044f \u0432\u0430\u043c, \u0434\u043e \u0441\u0432\u0438\u0434\u0430\u043d\u0438\u044f.", "segments": [{"id": 0, "seek": 0, "start": 0.88, "end": 3.58, "text": " \u0414\u043e\u0431\u0440\u044b\u0439 \u0434\u0435\u043d\u044c, \u043c\u0430\u0433\u0430\u0437\u0438\u043d \u0410\u0421\u041a\u0421, \u043c\u0435\u043d\u044f \u0437\u043e\u0432\u0443\u0442 \u0418\u0433\u043d\u0430\u0442\u043e\u0432\u0438\u0447, \u043c\u043e\u0433\u0443 \u043f\u043e\u043c\u043e\u0447\u044c?", "tokens": [50409, 3401, 13829, 4851, 13509, 11, 39771, 2599, 3450, 8068, 8169, 8068, 11, 6885, 46376, 3272, 1906, 1931, 8642, 3903, 11, 22951, 8613, 27497, 30, 50544], "temperature": 0.0, "avg_logprob": -0.22295761108398438, "compression_ratio": 1.4720496894409938, "no_speech_prob": 0.15177655220031738}, {"id": 1, "seek": 0, "start": 8.38, "end": 11.700000000000001, "text": " \u041d\u0443, \u0432\u044b \u0437\u0432\u043e\u043d\u0438\u0442\u0435 \u043d\u0430 \u043e\u0431\u0449\u0443\u044e \u0433\u043e\u0440\u044f\u0447\u0443\u044e \u043b\u0438\u043d\u0438\u044e, \u043a\u043b\u0438\u043d\u0438\u0447\u0435\u0441\u043a\u0443\u044e \u0443 \u043d\u0430\u0441 \u0435\u0441\u0442\u044c \u043c\u0430\u0433\u0430\u0437\u0438\u043d.", "tokens": [50784, 7571, 11, 2840, 45832, 5878, 1470, 17224, 3924, 6778, 22533, 753, 3924, 7444, 1903, 1148, 11, 33504, 1903, 16565, 35119, 1595, 6519, 5640, 39771, 2599, 13, 50950], "temperature": 0.0, "avg_logprob": -0.22295761108398438, "compression_ratio": 1.4720496894409938, "no_speech_prob": 0.15177655220031738}, {"id": 2, "seek": 3000, "start": 30.0, "end": 35.3, "text": " \u0410, \u043a \u0441\u043e\u0436\u0430\u043b\u0435\u043d\u0438\u044e, \u043d\u0435\u0442, \u0421\u0430\u043c\u0441\u0443\u043d\u0433\u0438 \u043c\u044b \u043d\u0435 \u0440\u0435\u043c\u043e\u043d\u0442\u0438\u0440\u0443\u0435\u043c, \u0443 \u043d\u0430\u0441 \u0440\u0435\u043c\u043e\u043d\u0442 \u0442\u043e\u043b\u044c\u043a\u043e \u0430\u0439\u0444\u043e\u043d\u043e\u0432.", "tokens": [50365, 3450, 11, 981, 48018, 11, 9916, 11, 31152, 461, 12161, 15599, 4777, 1725, 1475, 35786, 3396, 2711, 1504, 11, 1595, 6519, 1475, 35786, 403, 9008, 2559, 1644, 3619, 28137, 13, 50630], "temperature": 0.0, "avg_logprob": -0.15464496612548828, "compression_ratio": 1.513157894736842, "no_speech_prob": 0.008059699088335037}, {"id": 3, "seek": 3000, "start": 38.44, "end": 39.54, "text": " \u0414\u0430 \u043d\u0438\u0447\u0435\u0433\u043e \u0441\u0442\u0440\u0430\u0448\u043d\u043e\u0433\u043e.", "tokens": [50787, 9149, 16630, 35611, 4699, 13, 50842], "temperature": 0.0, "avg_logprob": -0.15464496612548828, "compression_ratio": 1.513157894736842, "no_speech_prob": 0.008059699088335037}, {"id": 4, "seek": 3000, "start": 41.66, "end": 42.9, "text": " \u0425\u043e\u0440\u043e\u0448\u0435\u0433\u043e \u0434\u043d\u044f \u0432\u0430\u043c, \u0434\u043e \u0441\u0432\u0438\u0434\u0430\u043d\u0438\u044f.", "tokens": [50948, 9456, 9247, 4353, 36115, 10448, 11, 5865, 43666, 8831, 13, 51010], "temperature": 0.0, "avg_logprob": -0.15464496612548828, "compression_ratio": 1.513157894736842, "no_speech_prob": 0.008059699088335037}], "language": "Russian"}