{"text": " \u0414\u043e\u0431\u0440\u044b\u0439 \u0434\u0435\u043d\u044c, \u043c\u0430\u0433\u0430\u0437\u0438\u043d IceCase, \u043c\u0435\u043d\u044f \u0437\u043e\u0432\u0443\u0442 \u0414\u043c\u0438\u0442\u0440\u0438\u0439, \u0447\u0435\u043c \u043c\u043e\u0433\u0443 \u043f\u043e\u043c\u043e\u0447\u044c? \u0414\u0430, \u0435\u0441\u0442\u044c \u0443 \u043d\u0430\u0441 \u043e\u0440\u0438\u0433\u0438\u043d\u0430\u043b\u044c\u043d\u044b\u0439 \u0430\u0434\u0430\u043f\u0442\u0435\u0440 \u043f\u0438\u0442\u0430\u043d\u0438\u044f, \u0441\u0442\u043e\u0438\u043c\u043e\u0441\u0442\u044c 2 990 \u0440\u0443\u0431\u043b\u0435\u0439 \u043d\u0430 20 \u0432\u0430\u0442\u0442. 2 990. \u041e\u0439, \u044d\u0442\u043e\u0433\u043e \u044f \u043d\u0435 \u0437\u043d\u0430\u044e, \u043d\u0435 \u0441\u043c\u043e\u0442\u0440\u0435\u043b \u0446\u0435\u043d\u044b. \u0414\u0430, \u0435\u0441\u0442\u044c \u0432\u043e \u0432\u0441\u0435\u0445 \u043d\u0430\u0448\u0438\u0445 \u043c\u0430\u0433\u0430\u0437\u0438\u043d\u0430\u0445, \u0432 \u0431\u043e\u043b\u044c\u0448\u043e\u043c \u0434\u043e\u0441\u0442\u0430\u0442\u043a\u0435. \u0425\u043e\u0440\u043e\u0448\u0435\u0433\u043e \u0434\u043d\u044f, \u0434\u043e \u0441\u0432\u0438\u0434\u0430\u043d\u0438\u044f.", "segments": [{"id": 0, "seek": 0, "start": 0.0, "end": 2.64, "text": " \u0414\u043e\u0431\u0440\u044b\u0439 \u0434\u0435\u043d\u044c, \u043c\u0430\u0433\u0430\u0437\u0438\u043d IceCase, \u043c\u0435\u043d\u044f \u0437\u043e\u0432\u0443\u0442 \u0414\u043c\u0438\u0442\u0440\u0438\u0439, \u0447\u0435\u043c \u043c\u043e\u0433\u0443 \u043f\u043e\u043c\u043e\u0447\u044c?", "tokens": [50365, 3401, 13829, 4851, 13509, 11, 39771, 2599, 15332, 34, 651, 11, 6885, 46376, 3401, 919, 1635, 50161, 11, 12056, 22951, 8613, 27497, 30, 50497], "temperature": 0.0, "avg_logprob": -0.17434673622006275, "compression_ratio": 1.391304347826087, "no_speech_prob": 0.036680687218904495}, {"id": 1, "seek": 0, "start": 15.66, "end": 21.0, "text": " \u0414\u0430, \u0435\u0441\u0442\u044c \u0443 \u043d\u0430\u0441 \u043e\u0440\u0438\u0433\u0438\u043d\u0430\u043b\u044c\u043d\u044b\u0439 \u0430\u0434\u0430\u043f\u0442\u0435\u0440 \u043f\u0438\u0442\u0430\u043d\u0438\u044f, \u0441\u0442\u043e\u0438\u043c\u043e\u0441\u0442\u044c 2 990 \u0440\u0443\u0431\u043b\u0435\u0439 \u043d\u0430 20 \u0432\u0430\u0442\u0442.", "tokens": [51148, 9149, 11, 5640, 1595, 6519, 1000, 41187, 2599, 23393, 27705, 4219, 8187, 33615, 8831, 11, 13552, 49514, 568, 1722, 7771, 40851, 1470, 945, 740, 2134, 403, 13, 51415], "temperature": 0.0, "avg_logprob": -0.17434673622006275, "compression_ratio": 1.391304347826087, "no_speech_prob": 0.036680687218904495}, {"id": 2, "seek": 0, "start": 21.96, "end": 23.400000000000002, "text": " 2 990.", "tokens": [51463, 568, 1722, 7771, 13, 51535], "temperature": 0.0, "avg_logprob": -0.17434673622006275, "compression_ratio": 1.391304347826087, "no_speech_prob": 0.036680687218904495}, {"id": 3, "seek": 3000, "start": 30.0, "end": 32.58, "text": " \u041e\u0439, \u044d\u0442\u043e\u0433\u043e \u044f \u043d\u0435 \u0437\u043d\u0430\u044e, \u043d\u0435 \u0441\u043c\u043e\u0442\u0440\u0435\u043b \u0446\u0435\u043d\u044b.", "tokens": [50365, 42724, 11, 10751, 2552, 1725, 16315, 11, 1725, 17726, 1414, 5188, 16148, 13, 50494], "temperature": 0.0, "avg_logprob": -0.14667957762013312, "compression_ratio": 1.395973154362416, "no_speech_prob": 0.001585151068866253}, {"id": 4, "seek": 3000, "start": 37.32, "end": 39.980000000000004, "text": " \u0414\u0430, \u0435\u0441\u0442\u044c \u0432\u043e \u0432\u0441\u0435\u0445 \u043d\u0430\u0448\u0438\u0445 \u043c\u0430\u0433\u0430\u0437\u0438\u043d\u0430\u0445, \u0432 \u0431\u043e\u043b\u044c\u0448\u043e\u043c \u0434\u043e\u0441\u0442\u0430\u0442\u043a\u0435.", "tokens": [50731, 9149, 11, 5640, 7900, 17260, 41525, 39771, 7861, 1157, 11, 740, 12457, 1253, 34543, 2134, 8222, 13, 50864], "temperature": 0.0, "avg_logprob": -0.14667957762013312, "compression_ratio": 1.395973154362416, "no_speech_prob": 0.001585151068866253}, {"id": 5, "seek": 3000, "start": 45.8, "end": 46.8, "text": " \u0425\u043e\u0440\u043e\u0448\u0435\u0433\u043e \u0434\u043d\u044f, \u0434\u043e \u0441\u0432\u0438\u0434\u0430\u043d\u0438\u044f.", "tokens": [51155, 9456, 9247, 4353, 36115, 11, 5865, 43666, 8831, 13, 51205], "temperature": 0.0, "avg_logprob": -0.14667957762013312, "compression_ratio": 1.395973154362416, "no_speech_prob": 0.001585151068866253}], "language": "Russian"}