{"text": " \u0434\u043e\u0431\u0440\u044b\u0439 \u0434\u0435\u043d\u044c \u0434\u043c\u0438\u0442\u0440\u0438\u0439 \u043e\u0440\u0438\u0433\u0438\u043d\u0430\u043b\u044c\u043d\u044b\u0439 \u0430\u0434\u0430\u043f\u0442\u0435\u0440 \u0437\u0430\u0440\u044f\u0434\u043d\u0438\u043a\u0430 \u043d\u0430 15 \u043f\u0440\u043e\u043c\u043e \u0441\u043a\u043e\u043b\u044c\u043a\u043e \u0435\u0449\u0435 \u0440\u0430\u0437 \u0430 \u043d\u0435 \u0437\u043d\u0430\u0435\u0442\u0435 \u0432 \u0440\u0438\u0442\u043e\u0440\u0435 \u0434\u043e\u0440\u043e\u0436\u0435 \u0441\u0442\u0430\u0432\u0438\u043b\u0438 \u0443 \u0432\u0430\u0441 \u0434\u043e\u0440\u043e\u0433 \u043e\u043d\u0430 20 \u043e\u0442\u0432\u0435\u0442 \u0443 \u0432\u0430\u0441 \u0435\u0441\u0442\u044c \u043d\u0430\u043b\u0438\u0447\u0438\u0435 \u0445\u043e\u0440\u043e\u0448\u043e \u0441\u043f\u0430\u0441\u0438\u0431\u043e", "segments": [{"id": 0, "seek": 0, "start": 0.0, "end": 14.0, "text": " \u0434\u043e\u0431\u0440\u044b\u0439 \u0434\u0435\u043d\u044c \u0434\u043c\u0438\u0442\u0440\u0438\u0439 \u043e\u0440\u0438\u0433\u0438\u043d\u0430\u043b\u044c\u043d\u044b\u0439 \u0430\u0434\u0430\u043f\u0442\u0435\u0440 \u0437\u0430\u0440\u044f\u0434\u043d\u0438\u043a\u0430 \u043d\u0430 15 \u043f\u0440\u043e\u043c\u043e", "tokens": [50365, 35620, 4851, 13509, 1070, 919, 1635, 50161, 1000, 41187, 2599, 23393, 27705, 4219, 8187, 17821, 12825, 19411, 1470, 2119, 42988, 354, 51065], "temperature": 0.0, "avg_logprob": -0.3425993347167969, "compression_ratio": 1.2258064516129032, "no_speech_prob": 0.3999016582965851}, {"id": 1, "seek": 1400, "start": 14.0, "end": 29.42, "text": " \u0441\u043a\u043e\u043b\u044c\u043a\u043e \u0435\u0449\u0435 \u0440\u0430\u0437 \u0430 \u043d\u0435 \u0437\u043d\u0430\u0435\u0442\u0435 \u0432 \u0440\u0438\u0442\u043e\u0440\u0435 \u0434\u043e\u0440\u043e\u0436\u0435 \u0441\u0442\u0430\u0432\u0438\u043b\u0438 \u0443 \u0432\u0430\u0441 \u0434\u043e\u0440\u043e\u0433", "tokens": [50365, 28838, 9910, 4203, 2559, 1725, 29868, 740, 1475, 435, 2542, 387, 18478, 9292, 25709, 5435, 1595, 10655, 24365, 51136], "temperature": 0.0, "avg_logprob": -0.49962577819824217, "compression_ratio": 1.5423728813559323, "no_speech_prob": 0.005138881038874388}, {"id": 2, "seek": 1400, "start": 29.42, "end": 37.04, "text": " \u043e\u043d\u0430 20 \u043e\u0442\u0432\u0435\u0442 \u0443 \u0432\u0430\u0441 \u0435\u0441\u0442\u044c \u043d\u0430\u043b\u0438\u0447\u0438\u0435", "tokens": [51136, 8826, 945, 25284, 1595, 10655, 5640, 32750, 3903, 5299, 51517], "temperature": 0.0, "avg_logprob": -0.49962577819824217, "compression_ratio": 1.5423728813559323, "no_speech_prob": 0.005138881038874388}, {"id": 3, "seek": 1400, "start": 37.04, "end": 43.78, "text": " \u0445\u043e\u0440\u043e\u0448\u043e", "tokens": [51517, 16977, 51854], "temperature": 0.0, "avg_logprob": -0.49962577819824217, "compression_ratio": 1.5423728813559323, "no_speech_prob": 0.005138881038874388}, {"id": 4, "seek": 4400, "start": 44.0, "end": 48.02, "text": " \u0441\u043f\u0430\u0441\u0438\u0431\u043e", "tokens": [50365, 37536, 50566], "temperature": 0.0, "avg_logprob": -0.40400832891464233, "compression_ratio": 0.6086956521739131, "no_speech_prob": 0.0006877978448756039}], "language": "Russian"}