{"text": " \u0414\u043e\u0431\u0440\u044b\u0439 \u0434\u0435\u043d\u044c, \u044f \u043f\u043e \u043b\u0435\u0441\u0443 \u0441\u0430\u0434\u043e\u0432\u043e\u0433\u043e \u0432 \u0440\u0435\u043c\u043e\u043d\u0442, \u0443\u0436\u0435, \u0434\u0430, \u043d\u0430 \u0421\u0430\u043c\u0430\u0440\u0441\u043a\u043e\u0439 \u0442\u043e\u0433\u0434\u0430, \u043d\u0430\u043f\u0440\u043e\u0442\u0438\u0432 \u041c\u0430\u043a\u0434\u043e\u043d\u0430\u043b\u044c\u0434\u0441\u0430, \u0434\u0430, 8937, 0, 766, 0, 90, \u043d\u0443, \u0441\u043f\u0430\u0441\u0438\u0431\u043e.", "segments": [{"id": 0, "seek": 0, "start": 0.0, "end": 27.62, "text": " \u0414\u043e\u0431\u0440\u044b\u0439 \u0434\u0435\u043d\u044c, \u044f \u043f\u043e \u043b\u0435\u0441\u0443 \u0441\u0430\u0434\u043e\u0432\u043e\u0433\u043e \u0432 \u0440\u0435\u043c\u043e\u043d\u0442, \u0443\u0436\u0435, \u0434\u0430, \u043d\u0430 \u0421\u0430\u043c\u0430\u0440\u0441\u043a\u043e\u0439 \u0442\u043e\u0433\u0434\u0430, \u043d\u0430\u043f\u0440\u043e\u0442\u0438\u0432 \u041c\u0430\u043a\u0434\u043e\u043d\u0430\u043b\u044c\u0434\u0441\u0430, \u0434\u0430, 8937, 0, 766,", "tokens": [50365, 3401, 13829, 4851, 13509, 11, 2552, 2801, 42548, 585, 776, 2601, 1055, 2350, 740, 1475, 35786, 403, 11, 7520, 11, 8995, 11, 1470, 31152, 2222, 17360, 21696, 11, 18296, 37324, 3493, 1272, 856, 1784, 3842, 856, 22568, 11, 8995, 11, 31877, 12851, 11, 1958, 11, 1614, 15237, 11, 51746], "temperature": 0.0, "avg_logprob": -0.293001979005103, "compression_ratio": 1.3285714285714285, "no_speech_prob": 0.23789101839065552}, {"id": 1, "seek": 3000, "start": 30.0, "end": 35.52, "text": " 0, 90, \u043d\u0443, \u0441\u043f\u0430\u0441\u0438\u0431\u043e.", "tokens": [50365, 1958, 11, 4289, 11, 13087, 11, 37536, 13, 50641], "temperature": 0.0, "avg_logprob": -0.24743587320501154, "compression_ratio": 0.7777777777777778, "no_speech_prob": 0.0018966211937367916}], "language": "Russian"}