{"text": " \u0414\u043e\u0431\u0440\u044b\u0439 \u0434\u0435\u043d\u044c, \u043c\u0430\u0433\u0430\u0437\u0438\u043d IceCase. \u041c\u0435\u043d\u044f \u0437\u043e\u0432\u0443\u0442 \u0414\u043c\u0438\u0442\u0440\u0438\u0439. \u0427\u0435\u043c \u043c\u043e\u0433\u0443 \u043f\u043e\u043c\u043e\u0447\u044c? \u0410, \u0432 \u043a\u0430\u043a\u043e\u043c \u043c\u0430\u0433\u0430\u0437\u0438\u043d\u0435? \u041c\u044b \u0432 \u0421\u0430\u043c\u0430\u0440\u0441\u043a\u043e\u0439, \u0434\u0430? \u0410 \u043c\u043e\u0436\u0435\u0442\u0435 \u043d\u043e\u043c\u0435\u0440 \u0442\u0435\u043b\u0435\u0444\u043e\u043d\u0430 \u043f\u0440\u0435\u0434\u043e\u0441\u0442\u0430\u0432\u0438\u0442\u044c? \u041a\u0443\u0434\u0430 \u043c\u043e\u0436\u043d\u043e \u043f\u0435\u0440\u0435\u0437\u0432\u043e\u043d\u0438\u0442\u044c \u0432\u0430\u043c? \u042f \u0440\u0435\u0431\u044f\u0442\u0430\u043c \u043f\u0435\u0440\u0435\u0434\u0430\u043c \u043f\u0440\u043e\u0441\u0442\u043e. 766. \u041e\u0436\u0438\u0434\u0430\u0439\u0442\u0435, \u0441\u0435\u0439\u0447\u0430\u0441 \u0440\u0435\u0431\u044f\u0442 \u043f\u0435\u0440\u0435\u0437\u0432\u043e\u043d\u044f\u0442 \u0432\u0430\u043c. \u0414\u043e \u0441\u0432\u0438\u0434\u0430\u043d\u0438\u044f. \u0421\u043f\u0430\u0441\u0438\u0431\u043e.", "segments": [{"id": 0, "seek": 0, "start": 0.0, "end": 2.7, "text": " \u0414\u043e\u0431\u0440\u044b\u0439 \u0434\u0435\u043d\u044c, \u043c\u0430\u0433\u0430\u0437\u0438\u043d IceCase. \u041c\u0435\u043d\u044f \u0437\u043e\u0432\u0443\u0442 \u0414\u043c\u0438\u0442\u0440\u0438\u0439. \u0427\u0435\u043c \u043c\u043e\u0433\u0443 \u043f\u043e\u043c\u043e\u0447\u044c?", "tokens": [50365, 3401, 13829, 4851, 13509, 11, 39771, 2599, 15332, 34, 651, 13, 47311, 46376, 3401, 919, 1635, 50161, 13, 7099, 1504, 22951, 8613, 27497, 30, 50500], "temperature": 0.0, "avg_logprob": -0.35029533931187223, "compression_ratio": 1.5919282511210762, "no_speech_prob": 0.5889220833778381}, {"id": 1, "seek": 0, "start": 7.18, "end": 8.38, "text": " \u0410, \u0432 \u043a\u0430\u043a\u043e\u043c \u043c\u0430\u0433\u0430\u0437\u0438\u043d\u0435?", "tokens": [50724, 3450, 11, 740, 3014, 1253, 39771, 20998, 30, 50784], "temperature": 0.0, "avg_logprob": -0.35029533931187223, "compression_ratio": 1.5919282511210762, "no_speech_prob": 0.5889220833778381}, {"id": 2, "seek": 0, "start": 10.92, "end": 12.14, "text": " \u041c\u044b \u0432 \u0421\u0430\u043c\u0430\u0440\u0441\u043a\u043e\u0439, \u0434\u0430?", "tokens": [50911, 12726, 740, 31152, 2222, 17360, 11, 8995, 30, 50972], "temperature": 0.0, "avg_logprob": -0.35029533931187223, "compression_ratio": 1.5919282511210762, "no_speech_prob": 0.5889220833778381}, {"id": 3, "seek": 0, "start": 12.58, "end": 14.44, "text": " \u0410 \u043c\u043e\u0436\u0435\u0442\u0435 \u043d\u043e\u043c\u0435\u0440 \u0442\u0435\u043b\u0435\u0444\u043e\u043d\u0430 \u043f\u0440\u0435\u0434\u043e\u0441\u0442\u0430\u0432\u0438\u0442\u044c?", "tokens": [50994, 3450, 23578, 36847, 1135, 33356, 14411, 8048, 354, 6938, 3258, 30, 51087], "temperature": 0.0, "avg_logprob": -0.35029533931187223, "compression_ratio": 1.5919282511210762, "no_speech_prob": 0.5889220833778381}, {"id": 4, "seek": 0, "start": 14.98, "end": 17.38, "text": " \u041a\u0443\u0434\u0430 \u043c\u043e\u0436\u043d\u043e \u043f\u0435\u0440\u0435\u0437\u0432\u043e\u043d\u0438\u0442\u044c \u0432\u0430\u043c? \u042f \u0440\u0435\u0431\u044f\u0442\u0430\u043c \u043f\u0435\u0440\u0435\u0434\u0430\u043c \u043f\u0440\u043e\u0441\u0442\u043e.", "tokens": [51114, 3422, 12248, 8885, 4321, 3634, 39672, 3258, 10448, 30, 4857, 18902, 4558, 1685, 15621, 1685, 8221, 13, 51234], "temperature": 0.0, "avg_logprob": -0.35029533931187223, "compression_ratio": 1.5919282511210762, "no_speech_prob": 0.5889220833778381}, {"id": 5, "seek": 0, "start": 28.66, "end": 29.42, "text": " 766.", "tokens": [51798, 1614, 15237, 13, 51836], "temperature": 0.0, "avg_logprob": -0.35029533931187223, "compression_ratio": 1.5919282511210762, "no_speech_prob": 0.5889220833778381}, {"id": 6, "seek": 3000, "start": 30.0, "end": 34.34, "text": " \u041e\u0436\u0438\u0434\u0430\u0439\u0442\u0435, \u0441\u0435\u0439\u0447\u0430\u0441 \u0440\u0435\u0431\u044f\u0442 \u043f\u0435\u0440\u0435\u0437\u0432\u043e\u043d\u044f\u0442 \u0432\u0430\u043c.", "tokens": [50365, 3688, 1820, 3586, 10330, 11, 10241, 18902, 4558, 4321, 3634, 39672, 4558, 10448, 13, 50582], "temperature": 0.0, "avg_logprob": -0.4310140609741211, "compression_ratio": 1.1978021978021978, "no_speech_prob": 0.016903841868042946}, {"id": 7, "seek": 3000, "start": 36.04, "end": 36.4, "text": " \u0414\u043e \u0441\u0432\u0438\u0434\u0430\u043d\u0438\u044f.", "tokens": [50667, 31695, 43666, 8831, 13, 50685], "temperature": 0.0, "avg_logprob": -0.4310140609741211, "compression_ratio": 1.1978021978021978, "no_speech_prob": 0.016903841868042946}, {"id": 8, "seek": 3000, "start": 58.66, "end": 59.66, "text": " \u0421\u043f\u0430\u0441\u0438\u0431\u043e.", "tokens": [51798, 29219, 13, 51848], "temperature": 0.0, "avg_logprob": -0.4310140609741211, "compression_ratio": 1.1978021978021978, "no_speech_prob": 0.016903841868042946}], "language": "Russian"}