{"text": " \u0417\u0434\u0440\u0430\u0432\u0441\u0442\u0432\u0443\u0439\u0442\u0435, \u043c\u043d\u0435 \u043d\u0443\u0436\u043d\u043e \u043f\u0440\u0438\u043c\u0435\u043d\u044f\u0442\u044c \u0434\u0438\u0441\u043f\u043b\u0435\u0439 \u043d\u0430 \u0442\u0435\u043b\u0435\u0444\u043e\u043d \u0422\u0435\u0445\u043d\u043e \u041a\u043e\u043c\u043c\u043e\u043d 19.", "segments": [{"id": 0, "seek": 0, "start": 0.0, "end": 8.44, "text": " \u0417\u0434\u0440\u0430\u0432\u0441\u0442\u0432\u0443\u0439\u0442\u0435, \u043c\u043d\u0435 \u043d\u0443\u0436\u043d\u043e \u043f\u0440\u0438\u043c\u0435\u043d\u044f\u0442\u044c \u0434\u0438\u0441\u043f\u043b\u0435\u0439 \u043d\u0430 \u0442\u0435\u043b\u0435\u0444\u043e\u043d", "tokens": [50365, 17613, 36359, 11, 8531, 12264, 31806, 1008, 8773, 37929, 1354, 24698, 1470, 44485, 50787], "temperature": 0.0, "avg_logprob": -0.4756826471399378, "compression_ratio": 1.179245283018868, "no_speech_prob": 0.15588031709194183}, {"id": 1, "seek": 0, "start": 8.44, "end": 19.84, "text": " \u0422\u0435\u0445\u043d\u043e \u041a\u043e\u043c\u043c\u043e\u043d 19.", "tokens": [50787, 3200, 8008, 1234, 3422, 1253, 919, 1784, 1294, 13, 51357], "temperature": 0.0, "avg_logprob": -0.4756826471399378, "compression_ratio": 1.179245283018868, "no_speech_prob": 0.15588031709194183}], "language": "Russian"}