{"text": " \u041c\u044b \u043d\u0435 \u0440\u0435\u043c\u043e\u043d\u0442\u0438\u0440\u0443\u0435\u043c \u0442\u0430\u043a\u0438\u0435 \u0443\u0441\u0442\u0440\u043e\u0439\u0441\u0442\u0432\u0430, \u0443 \u043d\u0430\u0441 \u0440\u0435\u043c\u043e\u043d\u0442 \u0442\u043e\u043b\u044c\u043a\u043e \u0442\u0435\u0445\u043d\u0438\u043a\u0438 Apple \u0438 \u0431\u044b\u0442\u043e\u0432\u043e\u0439 \u0442\u0435\u0445\u043d\u0438\u043a\u0438 Xiaomi.", "segments": [{"id": 0, "seek": 0, "start": 0.0, "end": 15.44, "text": " \u041c\u044b \u043d\u0435 \u0440\u0435\u043c\u043e\u043d\u0442\u0438\u0440\u0443\u0435\u043c \u0442\u0430\u043a\u0438\u0435 \u0443\u0441\u0442\u0440\u043e\u0439\u0441\u0442\u0432\u0430, \u0443 \u043d\u0430\u0441 \u0440\u0435\u043c\u043e\u043d\u0442 \u0442\u043e\u043b\u044c\u043a\u043e \u0442\u0435\u0445\u043d\u0438\u043a\u0438 Apple \u0438 \u0431\u044b\u0442\u043e\u0432\u043e\u0439 \u0442\u0435\u0445\u043d\u0438\u043a\u0438 Xiaomi.", "tokens": [50365, 12726, 1725, 1475, 35786, 3396, 2711, 1504, 20113, 48582, 12115, 11, 1595, 6519, 1475, 35786, 403, 9008, 16615, 18994, 6373, 1006, 2768, 8642, 1700, 16615, 18994, 33806, 13, 51137], "temperature": 0.0, "avg_logprob": -0.1868206916316863, "compression_ratio": 1.3471074380165289, "no_speech_prob": 0.14930635690689087}], "language": "Russian"}