{"text": " \u0437\u0434\u0440\u0430\u0441\u044c\u0442\u0435 \u0434\u043c\u0438\u0442\u0440\u0438\u044f \u0441\u043a\u0430\u0436\u0438\u0442\u0435 \u0441\u0435\u0433\u043e\u0434\u043d\u044f \u043a\u0430\u043a\u0430\u044f \u0446\u0435\u043d\u0430 \u043d\u0430 14 iphone 128 \u0434\u043e \u0447\u0435\u0440\u043d\u043e\u0439 64 \u043a\u043e\u0440\u043e\u0447\u0435 \u043f\u043e\u043d\u044f\u0442\u043d\u043e \u0431\u043b\u0438\u043d \u0434\u043e\u0440\u043e\u0433\u043e \u0443\u0436\u0435 \u043d\u0435 \u0430\u043a\u0442\u0443\u0430\u043b\u044c\u043d\u043e \u044f \u0434\u0443\u043c\u0430\u043b \u0443 \u0432\u0430\u0441 \u043c\u043e\u0436\u0435\u0442 \u0446\u0435\u043d\u0430 \u043d\u0443 \u043f\u043e \u043e\u0442\u043d\u043e\u0448\u0435\u043d\u0438\u044e \u043d\u0430\u043f\u0440\u0438\u043c\u0435\u0440 \u043a\u0430\u0439 \u0446\u0435\u043d\u0442\u0440\u0443 \u043e\u043d\u0438 \u043f\u0440\u0435\u0434\u043b\u0430\u0433\u0430\u044e\u0442 58 \u0442\u044b\u0441\u044f\u0447 \u043d\u0430 \u0441\u0435\u0433\u043e\u0434\u043d\u044f \u0442\u043e \u0435\u0441\u0442\u044c \u0443 \u0432\u0430\u0441 \u0442\u0430\u043c \u0442\u043e\u043b\u044c\u043a\u043e \u0438 \u0443\u043c\u0435\u0441\u0442\u0435\u043d \u043a\u0430\u043a\u043e\u0439-\u043d\u0438\u0431\u0443\u0434\u044c \u043d\u0435\u0442 \u043d\u0443 \u043f\u043e\u043d\u044f\u0442\u043d\u043e \u043f\u043e\u043d\u044f\u0442\u043d\u043e \u043b\u0430\u0434\u043d\u043e \u0441\u043f\u0430\u0441\u0438\u0431\u043e \u043f\u043e\u043a\u0430 \u0441\u043f\u0430\u0441\u0438\u0431\u043e", "segments": [{"id": 0, "seek": 0, "start": 0.0, "end": 9.0, "text": " \u0437\u0434\u0440\u0430\u0441\u044c\u0442\u0435 \u0434\u043c\u0438\u0442\u0440\u0438\u044f \u0441\u043a\u0430\u0436\u0438\u0442\u0435 \u0441\u0435\u0433\u043e\u0434\u043d\u044f \u043a\u0430\u043a\u0430\u044f \u0446\u0435\u043d\u0430 \u043d\u0430 14 iphone", "tokens": [50365, 7608, 481, 10285, 5863, 1070, 919, 1635, 4679, 681, 21938, 5878, 17413, 29334, 5188, 13362, 1470, 3499, 28501, 6487, 50815], "temperature": 0.0, "avg_logprob": -0.2687106682704045, "compression_ratio": 1.490909090909091, "no_speech_prob": 0.07789573073387146}, {"id": 1, "seek": 0, "start": 9.0, "end": 14.280000000000001, "text": " 128 \u0434\u043e \u0447\u0435\u0440\u043d\u043e\u0439", "tokens": [50815, 29810, 5865, 12360, 5007, 51079], "temperature": 0.0, "avg_logprob": -0.2687106682704045, "compression_ratio": 1.490909090909091, "no_speech_prob": 0.07789573073387146}, {"id": 2, "seek": 0, "start": 14.280000000000001, "end": 28.26, "text": " 64 \u043a\u043e\u0440\u043e\u0447\u0435 \u043f\u043e\u043d\u044f\u0442\u043d\u043e \u0431\u043b\u0438\u043d \u0434\u043e\u0440\u043e\u0433\u043e \u0443\u0436\u0435 \u043d\u0435 \u0430\u043a\u0442\u0443\u0430\u043b\u044c\u043d\u043e \u044f \u0434\u0443\u043c\u0430\u043b \u0443 \u0432\u0430\u0441 \u043c\u043e\u0436\u0435\u0442 \u0446\u0435\u043d\u0430", "tokens": [51079, 12145, 11384, 39649, 39718, 21747, 489, 18478, 2350, 7520, 1725, 13790, 13549, 10986, 2552, 13082, 1218, 1595, 10655, 8689, 5188, 13362, 51778], "temperature": 0.0, "avg_logprob": -0.2687106682704045, "compression_ratio": 1.490909090909091, "no_speech_prob": 0.07789573073387146}, {"id": 3, "seek": 2826, "start": 28.26, "end": 35.5, "text": " \u043d\u0443 \u043f\u043e \u043e\u0442\u043d\u043e\u0448\u0435\u043d\u0438\u044e \u043d\u0430\u043f\u0440\u0438\u043c\u0435\u0440 \u043a\u0430\u0439 \u0446\u0435\u043d\u0442\u0440\u0443 \u043e\u043d\u0438 \u043f\u0440\u0435\u0434\u043b\u0430\u0433\u0430\u044e\u0442", "tokens": [50365, 13087, 2801, 30708, 18830, 24044, 981, 3183, 26845, 2711, 7515, 46841, 6406, 50727], "temperature": 0.0, "avg_logprob": -0.21840978349958148, "compression_ratio": 1.4864864864864864, "no_speech_prob": 0.00016603247786406428}, {"id": 4, "seek": 2826, "start": 35.5, "end": 40.32, "text": " 58 \u0442\u044b\u0441\u044f\u0447 \u043d\u0430 \u0441\u0435\u0433\u043e\u0434\u043d\u044f \u0442\u043e \u0435\u0441\u0442\u044c \u0443 \u0432\u0430\u0441 \u0442\u0430\u043c \u0442\u043e\u043b\u044c\u043a\u043e \u0438 \u0443\u043c\u0435\u0441\u0442\u0435\u043d \u043a\u0430\u043a\u043e\u0439-\u043d\u0438\u0431\u0443\u0434\u044c \u043d\u0435\u0442", "tokens": [50727, 21786, 25025, 1470, 17413, 4572, 5640, 1595, 10655, 8223, 9008, 1006, 17497, 5740, 1008, 16898, 12, 23561, 9916, 50968], "temperature": 0.0, "avg_logprob": -0.21840978349958148, "compression_ratio": 1.4864864864864864, "no_speech_prob": 0.00016603247786406428}, {"id": 5, "seek": 5826, "start": 58.26, "end": 66.94, "text": " \u043d\u0443 \u043f\u043e\u043d\u044f\u0442\u043d\u043e \u043f\u043e\u043d\u044f\u0442\u043d\u043e \u043b\u0430\u0434\u043d\u043e \u0441\u043f\u0430\u0441\u0438\u0431\u043e \u043f\u043e\u043a\u0430 \u0441\u043f\u0430\u0441\u0438\u0431\u043e", "tokens": [50365, 13087, 39718, 39718, 44107, 37536, 17770, 37536, 50799], "temperature": 0.0, "avg_logprob": -0.3451834678649902, "compression_ratio": 1.5272727272727273, "no_speech_prob": 0.00014538281538989395}], "language": "Russian"}