{"text": " \u0434\u043e\u0431\u0440\u044b\u0439 \u0434\u0435\u043d\u044c \u0441\u0435\u0439\u0447\u0430\u0441 \u0437\u0432\u043e\u043d\u0438\u043b\u0438 \u043e\u0442 \u0432\u0430\u0441 \u044f \u043f\u0440\u043e\u0441\u0442\u043e \u0434\u0440\u0443\u0433\u043e\u043c\u0443 \u0442\u0435\u043b\u0435\u0444\u043e\u043d\u0443 \u0433\u043e\u0432\u043e\u0440\u0438\u043b \u044f \u0437\u043e\u0432\u0443\u0442 \u0430\u043d\u0434\u0440\u0435\u0439 \u0441\u0443\u043c\u043c\u044b \u0441\u0443\u043c\u043c\u044b \u043a\u0430\u043a\u0430\u044f \u0437\u0430\u0432\u0442\u0440\u0430\u043a \u043c\u043e\u0436\u0435\u0442 \u0431\u044b\u0442\u044c \u0434\u0435\u043b \u0434\u0430 \u0434\u0430 \u0432\u0441\u0435 \u0445\u043e\u0440\u043e\u0448\u043e \u043f\u0440\u043e\u0441\u0442\u043e \u0435\u0449\u0435 \u043d\u0435\u043c\u043d\u043e\u0436\u043a\u043e \u0434\u0440\u0443\u0433\u043e\u0439 \u0441\u0442\u0440\u0430\u043d\u0435 \u0441\u043f\u0430\u0441\u0438\u0431\u043e", "segments": [{"id": 0, "seek": 0, "start": 0.0, "end": 7.640000000000001, "text": " \u0434\u043e\u0431\u0440\u044b\u0439 \u0434\u0435\u043d\u044c \u0441\u0435\u0439\u0447\u0430\u0441 \u0437\u0432\u043e\u043d\u0438\u043b\u0438 \u043e\u0442 \u0432\u0430\u0441 \u044f \u043f\u0440\u043e\u0441\u0442\u043e \u0434\u0440\u0443\u0433\u043e\u043c\u0443 \u0442\u0435\u043b\u0435\u0444\u043e\u043d\u0443 \u0433\u043e\u0432\u043e\u0440\u0438\u043b \u044f \u0437\u043e\u0432\u0443\u0442 \u0430\u043d\u0434\u0440\u0435\u0439", "tokens": [50365, 35620, 4851, 13509, 10241, 45832, 5435, 2943, 10655, 2552, 8221, 8435, 4161, 44485, 585, 39801, 2552, 46376, 17086, 856, 42578, 50747], "temperature": 0.0, "avg_logprob": -0.5657981749503843, "compression_ratio": 1.4838709677419355, "no_speech_prob": 0.13591328263282776}, {"id": 1, "seek": 0, "start": 7.640000000000001, "end": 24.8, "text": " \u0441\u0443\u043c\u043c\u044b \u0441\u0443\u043c\u043c\u044b \u043a\u0430\u043a\u0430\u044f", "tokens": [50747, 31372, 25592, 31372, 25592, 29334, 51605], "temperature": 0.0, "avg_logprob": -0.5657981749503843, "compression_ratio": 1.4838709677419355, "no_speech_prob": 0.13591328263282776}, {"id": 2, "seek": 2480, "start": 24.8, "end": 35.92, "text": " \u0437\u0430\u0432\u0442\u0440\u0430\u043a \u043c\u043e\u0436\u0435\u0442 \u0431\u044b\u0442\u044c \u0434\u0435\u043b \u0434\u0430 \u0434\u0430 \u0432\u0441\u0435 \u0445\u043e\u0440\u043e\u0448\u043e \u043f\u0440\u043e\u0441\u0442\u043e \u0435\u0449\u0435 \u043d\u0435\u043c\u043d\u043e\u0436\u043a\u043e \u0434\u0440\u0443\u0433\u043e\u0439 \u0441\u0442\u0440\u0430\u043d\u0435 \u0441\u043f\u0430\u0441\u0438\u0431\u043e", "tokens": [50365, 13388, 13981, 1272, 8689, 11510, 6649, 8995, 8995, 4640, 16977, 8221, 9910, 44382, 27823, 18057, 387, 37536, 50921], "temperature": 0.0, "avg_logprob": -0.5842002868652344, "compression_ratio": 1.3925233644859814, "no_speech_prob": 9.992848936235532e-05}], "language": "Russian"}