{"text": " \u0414\u043e\u0431\u0440\u043e\u0435 \u0443\u0442\u0440\u043e, \u043c\u0430\u0433\u0430\u0437\u0438\u043d IceCase. \u041c\u0435\u043d\u044f \u0437\u043e\u0432\u0443\u0442 \u0414\u043c\u0438\u0442\u0440\u0438\u0439. \u0427\u0435\u043c \u043c\u043e\u0433\u0443 \u043f\u043e\u043c\u043e\u0447\u044c? \u041a\u0430\u043a\u043e\u0435 \u0443\u0441\u0442\u0440\u043e\u0439\u0441\u0442\u0432\u043e? \u041c\u044b \u0440\u0435\u043c\u043e\u043d\u0442\u0438\u0440\u0443\u0435\u043c \u0438 \u043e\u0431\u0441\u043b\u0443\u0436\u0438\u0432\u0430\u0435\u043c \u0442\u043e\u043b\u044c\u043a\u043e Apple \u0442\u0435\u0445\u043d\u0438\u043a\u0443. \u0425\u043e\u0440\u043e\u0448\u0435\u0433\u043e \u0434\u043d\u044f, \u0434\u043e \u0441\u0432\u0438\u0434\u0430\u043d\u0438\u044f.", "segments": [{"id": 0, "seek": 0, "start": 0.4, "end": 3.0, "text": " \u0414\u043e\u0431\u0440\u043e\u0435 \u0443\u0442\u0440\u043e, \u043c\u0430\u0433\u0430\u0437\u0438\u043d IceCase. \u041c\u0435\u043d\u044f \u0437\u043e\u0432\u0443\u0442 \u0414\u043c\u0438\u0442\u0440\u0438\u0439. \u0427\u0435\u043c \u043c\u043e\u0433\u0443 \u043f\u043e\u043c\u043e\u0447\u044c?", "tokens": [50385, 3401, 13829, 5805, 25448, 9938, 11, 39771, 2599, 15332, 34, 651, 13, 47311, 46376, 3401, 919, 1635, 50161, 13, 7099, 1504, 22951, 8613, 27497, 30, 50515], "temperature": 0.0, "avg_logprob": -0.19811339745154746, "compression_ratio": 1.4029850746268657, "no_speech_prob": 0.14372055232524872}, {"id": 1, "seek": 0, "start": 9.48, "end": 10.38, "text": " \u041a\u0430\u043a\u043e\u0435 \u0443\u0441\u0442\u0440\u043e\u0439\u0441\u0442\u0432\u043e?", "tokens": [50839, 11011, 5805, 48582, 9631, 30, 50884], "temperature": 0.0, "avg_logprob": -0.19811339745154746, "compression_ratio": 1.4029850746268657, "no_speech_prob": 0.14372055232524872}, {"id": 2, "seek": 0, "start": 12.3, "end": 14.540000000000001, "text": " \u041c\u044b \u0440\u0435\u043c\u043e\u043d\u0442\u0438\u0440\u0443\u0435\u043c \u0438 \u043e\u0431\u0441\u043b\u0443\u0436\u0438\u0432\u0430\u0435\u043c \u0442\u043e\u043b\u044c\u043a\u043e Apple \u0442\u0435\u0445\u043d\u0438\u043a\u0443.", "tokens": [50980, 12726, 1475, 35786, 3396, 2711, 1504, 1006, 3348, 14393, 5726, 33395, 9008, 6373, 16615, 1903, 4401, 13, 51092], "temperature": 0.0, "avg_logprob": -0.19811339745154746, "compression_ratio": 1.4029850746268657, "no_speech_prob": 0.14372055232524872}, {"id": 3, "seek": 0, "start": 18.56, "end": 19.6, "text": " \u0425\u043e\u0440\u043e\u0448\u0435\u0433\u043e \u0434\u043d\u044f, \u0434\u043e \u0441\u0432\u0438\u0434\u0430\u043d\u0438\u044f.", "tokens": [51293, 9456, 9247, 4353, 36115, 11, 5865, 43666, 8831, 13, 51345], "temperature": 0.0, "avg_logprob": -0.19811339745154746, "compression_ratio": 1.4029850746268657, "no_speech_prob": 0.14372055232524872}], "language": "Russian"}