{"text": " \u044f \u0445\u043e\u0442\u0435\u043b \u0431\u044b \u0443\u0442\u043e\u0447\u043d\u0438\u0442\u044c \u0437\u0430\u043c\u0435\u043d\u0430 \u043c\u043e\u0434\u0443\u043b\u044f \u043a\u0430\u043a \u0443 \u0432\u0430\u0441 \u0431\u0443\u0434\u0435\u0442 \u0441\u0442\u043e\u0438\u0442\u044c \u043d\u0430 \u0445\u043e\u043d\u043e\u0440 \u0445\u043e\u043d\u043e\u0440 9x \u0430 \u0442\u043e\u043b\u044c\u043a\u043e \u0442\u0430\u043a \u043b\u0430\u0434\u043d\u043e \u0441\u043f\u0430\u0441\u0438\u0431\u043e", "segments": [{"id": 0, "seek": 0, "start": 0.0, "end": 11.88, "text": " \u044f \u0445\u043e\u0442\u0435\u043b \u0431\u044b \u0443\u0442\u043e\u0447\u043d\u0438\u0442\u044c \u0437\u0430\u043c\u0435\u043d\u0430 \u043c\u043e\u0434\u0443\u043b\u044f \u043a\u0430\u043a \u0443 \u0432\u0430\u0441 \u0431\u0443\u0434\u0435\u0442 \u0441\u0442\u043e\u0438\u0442\u044c \u043d\u0430 \u0445\u043e\u043d\u043e\u0440 \u0445\u043e\u043d\u043e\u0440 9x", "tokens": [50365, 2552, 27688, 2768, 1595, 20483, 31087, 13597, 13362, 24104, 20427, 3014, 1595, 10655, 7306, 13552, 3258, 1470, 3490, 1784, 1717, 3490, 1784, 1717, 1722, 87, 50959], "temperature": 0.0, "avg_logprob": -0.33334012712751115, "compression_ratio": 1.4715447154471544, "no_speech_prob": 0.02152353525161743}, {"id": 1, "seek": 0, "start": 11.88, "end": 17.46, "text": " \u0430 \u0442\u043e\u043b\u044c\u043a\u043e \u0442\u0430\u043a \u043b\u0430\u0434\u043d\u043e \u0441\u043f\u0430\u0441\u0438\u0431\u043e", "tokens": [50959, 2559, 9008, 2936, 44107, 37536, 51238], "temperature": 0.0, "avg_logprob": -0.33334012712751115, "compression_ratio": 1.4715447154471544, "no_speech_prob": 0.02152353525161743}], "language": "Russian"}