{"text": " \u043d\u0430\u0442\u0430\u043b\u044c\u044f \u0434\u043e\u0431\u0440\u044b\u0439 \u0434\u0435\u043d\u044c \u043c\u0430\u0433\u0430\u0437\u0438\u043d\u0430 \u0438\u0437 \u043a\u0435\u0439\u0441 \u0431\u0435\u0441\u043f\u043e\u043a\u043e\u0438\u0442 \u0437\u043e\u043d\u0435 \u043f\u043e\u0432\u043e\u0434\u0443 \u0432\u0430\u0448\u0435\u0433\u043e \u0438\u043d\u0442\u0435\u0440\u043d\u0435\u0442 \u0437\u0430\u043a\u0430\u0437\u0430 \u043d\u0430 15 \u0434\u043e 28 \u0441\u0438\u043d\u0438\u0439 iphone \u0430 \u043d\u0430 \u0434\u0430\u043d\u043d\u044b\u0439 \u043c\u043e\u043c\u0435\u043d\u0442 \u0435\u0433\u043e \u043d\u0430\u043b\u0438\u0447\u0438\u0435 \u043d\u0435\u0442 \u0438 \u043c\u044b \u0441\u043c\u043e\u0436\u0435\u043c \u0435\u0433\u043e \u0437\u0430\u043a\u0430\u0437\u0430\u0442\u044c \u043f\u043e\u0441\u0442\u0430\u0432\u043a\u0430 \u043e\u0436\u0438\u0434\u0430\u0435\u0442\u0441\u044f \u0432 \u0432\u043e\u0441\u043a\u0440\u0435\u0441\u0435\u043d\u044c\u0435 \u0432\u0441\u0435 \u043a\u0430\u043a \u0442\u043e\u043b\u044c\u043a\u043e \u043e\u043d \u043f\u0440\u0438\u0435\u0434\u0435\u0442 \u043a \u0432\u0430\u043c \u043f\u0440\u0438 \u0441\u043e\u043e\u0431\u0449\u0435\u043d\u0438\u0438 \u043d\u0430 \u0432\u043e\u0446\u0430\u043f \u043e\u043f\u043b\u0430\u0442\u0430 \u0438 \u043e\u043f\u043b\u0430\u0442\u0430 \u043f\u0440\u0435\u0434\u043f\u043e\u043b\u0443\u0447\u0435\u043d\u0438\u044f \u043d\u0430\u043b\u0438\u0447\u043d\u044b\u043c \u0440\u0430\u0441\u0447\u0435\u0442\u043e\u043c \u0431\u0443\u0434\u0435\u0442 \u0432\u0441\u0435 \u0445\u043e\u0440\u043e\u0448\u043e \u0434\u043d\u044f \u0434\u043e \u0441\u0432\u0438\u0434\u0430\u043d\u0438\u044f", "segments": [{"id": 0, "seek": 0, "start": 0.0, "end": 7.5, "text": " \u043d\u0430\u0442\u0430\u043b\u044c\u044f \u0434\u043e\u0431\u0440\u044b\u0439 \u0434\u0435\u043d\u044c \u043c\u0430\u0433\u0430\u0437\u0438\u043d\u0430 \u0438\u0437 \u043a\u0435\u0439\u0441 \u0431\u0435\u0441\u043f\u043e\u043a\u043e\u0438\u0442 \u0437\u043e\u043d\u0435 \u043f\u043e\u0432\u043e\u0434\u0443 \u0432\u0430\u0448\u0435\u0433\u043e \u0438\u043d\u0442\u0435\u0440\u043d\u0435\u0442", "tokens": [50365, 48290, 3842, 681, 35620, 4851, 13509, 39771, 7861, 3943, 981, 2345, 461, 32971, 32622, 1635, 1423, 25561, 10499, 35749, 14536, 4353, 12073, 27021, 50740], "temperature": 0.0, "avg_logprob": -0.26766288614718714, "compression_ratio": 1.8758620689655172, "no_speech_prob": 0.08736380934715271}, {"id": 1, "seek": 0, "start": 7.5, "end": 12.68, "text": " \u0437\u0430\u043a\u0430\u0437\u0430 \u043d\u0430 15 \u0434\u043e 28 \u0441\u0438\u043d\u0438\u0439 iphone \u0430 \u043d\u0430 \u0434\u0430\u043d\u043d\u044b\u0439 \u043c\u043e\u043c\u0435\u043d\u0442 \u0435\u0433\u043e \u043d\u0430\u043b\u0438\u0447\u0438\u0435 \u043d\u0435\u0442 \u0438 \u043c\u044b", "tokens": [50740, 10264, 1990, 386, 1470, 2119, 5865, 7562, 776, 435, 15199, 28501, 6487, 2559, 1470, 19582, 4441, 17825, 6448, 32750, 3903, 5299, 9916, 1006, 4777, 50999], "temperature": 0.0, "avg_logprob": -0.26766288614718714, "compression_ratio": 1.8758620689655172, "no_speech_prob": 0.08736380934715271}, {"id": 2, "seek": 0, "start": 12.68, "end": 19.0, "text": " \u0441\u043c\u043e\u0436\u0435\u043c \u0435\u0433\u043e \u0437\u0430\u043a\u0430\u0437\u0430\u0442\u044c \u043f\u043e\u0441\u0442\u0430\u0432\u043a\u0430 \u043e\u0436\u0438\u0434\u0430\u0435\u0442\u0441\u044f \u0432 \u0432\u043e\u0441\u043a\u0440\u0435\u0441\u0435\u043d\u044c\u0435 \u0432\u0441\u0435 \u043a\u0430\u043a \u0442\u043e\u043b\u044c\u043a\u043e \u043e\u043d \u043f\u0440\u0438\u0435\u0434\u0435\u0442 \u043a", "tokens": [50999, 47044, 1504, 6448, 10264, 1990, 2209, 28072, 2833, 47136, 6970, 740, 18867, 22274, 2292, 3888, 387, 4640, 3014, 9008, 5345, 5082, 2229, 1094, 981, 51315], "temperature": 0.0, "avg_logprob": -0.26766288614718714, "compression_ratio": 1.8758620689655172, "no_speech_prob": 0.08736380934715271}, {"id": 3, "seek": 0, "start": 19.0, "end": 23.96, "text": " \u0432\u0430\u043c \u043f\u0440\u0438 \u0441\u043e\u043e\u0431\u0449\u0435\u043d\u0438\u0438 \u043d\u0430 \u0432\u043e\u0446\u0430\u043f \u043e\u043f\u043b\u0430\u0442\u0430 \u0438 \u043e\u043f\u043b\u0430\u0442\u0430 \u043f\u0440\u0435\u0434\u043f\u043e\u043b\u0443\u0447\u0435\u043d\u0438\u044f \u043d\u0430\u043b\u0438\u0447\u043d\u044b\u043c \u0440\u0430\u0441\u0447\u0435\u0442\u043e\u043c", "tokens": [51315, 10448, 5082, 40626, 15573, 1470, 7900, 1814, 4219, 7683, 693, 19808, 1006, 7683, 693, 19808, 8048, 14539, 4187, 5332, 32750, 3903, 8412, 7459, 753, 1094, 1253, 51563], "temperature": 0.0, "avg_logprob": -0.26766288614718714, "compression_ratio": 1.8758620689655172, "no_speech_prob": 0.08736380934715271}, {"id": 4, "seek": 2396, "start": 23.96, "end": 29.380000000000003, "text": " \u0431\u0443\u0434\u0435\u0442 \u0432\u0441\u0435 \u0445\u043e\u0440\u043e\u0448\u043e \u0434\u043d\u044f \u0434\u043e \u0441\u0432\u0438\u0434\u0430\u043d\u0438\u044f", "tokens": [50365, 7306, 4640, 16977, 36115, 5865, 43666, 8831, 50636], "temperature": 0.0, "avg_logprob": -0.25386433601379393, "compression_ratio": 0.9672131147540983, "no_speech_prob": 0.0004582359397318214}], "language": "Russian"}