{"text": " \u0410\u043b\u043b\u043e. \u0417\u0434\u0440\u0430\u0432\u0441\u0442\u0432\u0443\u0439\u0442\u0435. \u0414\u0430, \u0445\u043e\u0440\u043e\u0448\u043e. \u0425\u043e\u0440\u043e\u0448\u043e, \u0441\u043f\u0430\u0441\u0438\u0431\u043e. \u0414\u043e \u0441\u0432\u0438\u0434\u0430\u043d\u0438\u044f.", "segments": [{"id": 0, "seek": 0, "start": 0.0, "end": 28.76, "text": " \u0410\u043b\u043b\u043e. \u0417\u0434\u0440\u0430\u0432\u0441\u0442\u0432\u0443\u0439\u0442\u0435. \u0414\u0430, \u0445\u043e\u0440\u043e\u0448\u043e. \u0425\u043e\u0440\u043e\u0448\u043e, \u0441\u043f\u0430\u0441\u0438\u0431\u043e. \u0414\u043e \u0441\u0432\u0438\u0434\u0430\u043d\u0438\u044f.", "tokens": [50365, 43104, 4610, 13, 17613, 36359, 13, 9149, 11, 16977, 13, 37564, 11, 37536, 13, 31695, 43666, 8831, 13, 51803], "temperature": 0.0, "avg_logprob": -0.23257734662010557, "compression_ratio": 1.173913043478261, "no_speech_prob": 0.03083616867661476}], "language": "Russian"}