{"text": " \u0414\u0430, \u0421\u0435\u0440\u0433\u0435\u0439, \u044d\u0442\u043e \u0432\u0430\u0441 \u043d\u0430\u0441\u043a\u0432\u043e\u0437\u044c \u0431\u0435\u0441\u043f\u043e\u043a\u043e\u0438\u0442. \u0421\u043c\u043e\u0442\u0440\u0438\u0442\u0435, \u043f\u043e \u043f\u043e\u0432\u043e\u0434\u0443 \u0441\u0438\u0442\u0435\u0447\u043a\u0430. \u041d\u0443, \u0432 \u0442\u0435\u043e\u0440\u0438\u0438 \u0435\u0433\u043e \u0441\u043d\u044f\u0442\u044c \u043c\u043e\u0436\u043d\u043e. \u0415\u0434\u0438\u043d\u0441\u0442\u0432\u0435\u043d\u043d\u043e\u0435, \u0447\u0442\u043e \u043f\u0440\u043e\u0441\u0442\u043e \u0442\u0430\u043c \u0431\u0443\u0434\u0435\u0442 \u0442\u043e\u0440\u0447\u0430\u0442\u044c \u043f\u0430\u043b\u043a\u0430, \u0432 \u043a\u043e\u0442\u043e\u0440\u043e\u0439 \u043e\u043d \u043a\u0440\u0435\u043f\u0438\u0442\u0441\u044f, \u043f\u043e\u0442\u043e\u043c\u0443 \u0447\u0442\u043e \u0442\u0430\u043c \u0431\u043e\u043b\u0442\u0438\u043a. \u0418\u043b\u0438 \u0436\u0435 \u0431\u0443\u0434\u0435\u0442 \u0432 \u043a\u0440\u044b\u0448\u043a\u0435 \u0434\u044b\u0440\u043a\u0430. \u0410 \u0442\u0430\u043a \u0432 \u0442\u0435\u043e\u0440\u0438\u0438 \u0441\u043d\u044f\u0442\u044c \u043c\u043e\u0436\u043d\u043e. \u0414\u0430. \u041d\u0443, \u043e\u0431\u044b\u0447\u043d\u043e \u0447\u0430\u0439\u043d\u0438\u043a\u0438 \u0435\u0441\u0442\u044c, \u043a\u043e\u043d\u0435\u0447\u043d\u043e. \u0410, \u044f \u043f\u043e\u043d\u044f\u043b. \u041d\u0443, \u0432\u0441\u0435, \u0447\u0442\u043e \u0435\u0441\u0442\u044c \u043d\u0430 \u0441\u0430\u0439\u0442\u0435, \u0432\u0441\u044f \u0438\u043d\u0444\u043e\u0440\u043c\u0430\u0446\u0438\u044f \u043f\u0440\u044f\u043c\u043e \u0442\u0430\u043c. \u0414\u043e \u0441\u0432\u0438\u0434\u0430\u043d\u0438\u044f.", "segments": [{"id": 0, "seek": 0, "start": 0.0, "end": 3.24, "text": " \u0414\u0430, \u0421\u0435\u0440\u0433\u0435\u0439, \u044d\u0442\u043e \u0432\u0430\u0441 \u043d\u0430\u0441\u043a\u0432\u043e\u0437\u044c \u0431\u0435\u0441\u043f\u043e\u043a\u043e\u0438\u0442.", "tokens": [50365, 9149, 11, 38393, 2345, 11, 2691, 10655, 1470, 4218, 859, 3434, 678, 32971, 32622, 1635, 13, 50527], "temperature": 0.0, "avg_logprob": -0.22381248474121093, "compression_ratio": 1.8929889298892988, "no_speech_prob": 0.08262818306684494}, {"id": 1, "seek": 0, "start": 3.7, "end": 5.0600000000000005, "text": " \u0421\u043c\u043e\u0442\u0440\u0438\u0442\u0435, \u043f\u043e \u043f\u043e\u0432\u043e\u0434\u0443 \u0441\u0438\u0442\u0435\u0447\u043a\u0430.", "tokens": [50550, 2933, 36469, 11, 2801, 10499, 35749, 776, 1635, 4310, 2833, 13, 50618], "temperature": 0.0, "avg_logprob": -0.22381248474121093, "compression_ratio": 1.8929889298892988, "no_speech_prob": 0.08262818306684494}, {"id": 2, "seek": 0, "start": 5.12, "end": 6.7, "text": " \u041d\u0443, \u0432 \u0442\u0435\u043e\u0440\u0438\u0438 \u0435\u0433\u043e \u0441\u043d\u044f\u0442\u044c \u043c\u043e\u0436\u043d\u043e.", "tokens": [50621, 7571, 11, 740, 18445, 1717, 7347, 6448, 776, 35824, 8885, 13, 50700], "temperature": 0.0, "avg_logprob": -0.22381248474121093, "compression_ratio": 1.8929889298892988, "no_speech_prob": 0.08262818306684494}, {"id": 3, "seek": 0, "start": 6.98, "end": 9.4, "text": " \u0415\u0434\u0438\u043d\u0441\u0442\u0432\u0435\u043d\u043d\u043e\u0435, \u0447\u0442\u043e \u043f\u0440\u043e\u0441\u0442\u043e \u0442\u0430\u043c \u0431\u0443\u0434\u0435\u0442 \u0442\u043e\u0440\u0447\u0430\u0442\u044c \u043f\u0430\u043b\u043a\u0430,", "tokens": [50714, 6538, 856, 2599, 12134, 6126, 11, 2143, 8221, 8223, 7306, 25594, 753, 2209, 40415, 2833, 11, 50835], "temperature": 0.0, "avg_logprob": -0.22381248474121093, "compression_ratio": 1.8929889298892988, "no_speech_prob": 0.08262818306684494}, {"id": 4, "seek": 0, "start": 9.620000000000001, "end": 11.5, "text": " \u0432 \u043a\u043e\u0442\u043e\u0440\u043e\u0439 \u043e\u043d \u043a\u0440\u0435\u043f\u0438\u0442\u0441\u044f, \u043f\u043e\u0442\u043e\u043c\u0443 \u0447\u0442\u043e \u0442\u0430\u043c \u0431\u043e\u043b\u0442\u0438\u043a.", "tokens": [50846, 740, 29452, 5345, 46584, 8254, 11, 11919, 2143, 8223, 11993, 3396, 755, 13, 50940], "temperature": 0.0, "avg_logprob": -0.22381248474121093, "compression_ratio": 1.8929889298892988, "no_speech_prob": 0.08262818306684494}, {"id": 5, "seek": 0, "start": 11.78, "end": 13.620000000000001, "text": " \u0418\u043b\u0438 \u0436\u0435 \u0431\u0443\u0434\u0435\u0442 \u0432 \u043a\u0440\u044b\u0448\u043a\u0435 \u0434\u044b\u0440\u043a\u0430.", "tokens": [50954, 34361, 6151, 7306, 740, 7502, 12533, 8222, 1070, 698, 481, 2833, 13, 51046], "temperature": 0.0, "avg_logprob": -0.22381248474121093, "compression_ratio": 1.8929889298892988, "no_speech_prob": 0.08262818306684494}, {"id": 6, "seek": 0, "start": 14.36, "end": 15.82, "text": " \u0410 \u0442\u0430\u043a \u0432 \u0442\u0435\u043e\u0440\u0438\u0438 \u0441\u043d\u044f\u0442\u044c \u043c\u043e\u0436\u043d\u043e.", "tokens": [51083, 3450, 2936, 740, 18445, 1717, 7347, 776, 35824, 8885, 13, 51156], "temperature": 0.0, "avg_logprob": -0.22381248474121093, "compression_ratio": 1.8929889298892988, "no_speech_prob": 0.08262818306684494}, {"id": 7, "seek": 0, "start": 18.6, "end": 19.12, "text": " \u0414\u0430.", "tokens": [51295, 9149, 13, 51321], "temperature": 0.0, "avg_logprob": -0.22381248474121093, "compression_ratio": 1.8929889298892988, "no_speech_prob": 0.08262818306684494}, {"id": 8, "seek": 0, "start": 27.12, "end": 29.38, "text": " \u041d\u0443, \u043e\u0431\u044b\u0447\u043d\u043e \u0447\u0430\u0439\u043d\u0438\u043a\u0438 \u0435\u0441\u0442\u044c, \u043a\u043e\u043d\u0435\u0447\u043d\u043e.", "tokens": [51721, 7571, 11, 41878, 1358, 3183, 18994, 5640, 11, 15271, 13, 51834], "temperature": 0.0, "avg_logprob": -0.22381248474121093, "compression_ratio": 1.8929889298892988, "no_speech_prob": 0.08262818306684494}, {"id": 9, "seek": 3000, "start": 30.0, "end": 35.44, "text": " \u0410, \u044f \u043f\u043e\u043d\u044f\u043b.", "tokens": [50365, 3450, 11, 2552, 37975, 13, 50637], "temperature": 0.0, "avg_logprob": -0.23538696064668543, "compression_ratio": 1.238532110091743, "no_speech_prob": 0.0002868518640752882}, {"id": 10, "seek": 3000, "start": 35.56, "end": 36.9, "text": " \u041d\u0443, \u0432\u0441\u0435, \u0447\u0442\u043e \u0435\u0441\u0442\u044c \u043d\u0430 \u0441\u0430\u0439\u0442\u0435,", "tokens": [50643, 7571, 11, 4640, 11, 2143, 5640, 1470, 776, 10330, 11, 50710], "temperature": 0.0, "avg_logprob": -0.23538696064668543, "compression_ratio": 1.238532110091743, "no_speech_prob": 0.0002868518640752882}, {"id": 11, "seek": 3000, "start": 37.0, "end": 38.42, "text": " \u0432\u0441\u044f \u0438\u043d\u0444\u043e\u0440\u043c\u0430\u0446\u0438\u044f \u043f\u0440\u044f\u043c\u043e \u0442\u0430\u043c.", "tokens": [50715, 24614, 29117, 21235, 28547, 8223, 13, 50786], "temperature": 0.0, "avg_logprob": -0.23538696064668543, "compression_ratio": 1.238532110091743, "no_speech_prob": 0.0002868518640752882}, {"id": 12, "seek": 3000, "start": 40.94, "end": 41.76, "text": " \u0414\u043e \u0441\u0432\u0438\u0434\u0430\u043d\u0438\u044f.", "tokens": [50912, 31695, 43666, 8831, 13, 50953], "temperature": 0.0, "avg_logprob": -0.23538696064668543, "compression_ratio": 1.238532110091743, "no_speech_prob": 0.0002868518640752882}], "language": "Russian"}