{"text": " \u0430 \u043d\u0443 \u043f\u043e\u043d\u044f\u043b \u0430 \u0442\u0430\u043a \u043e\u043d \u0432\u0441\u0435\u0433\u0434\u0430 \u0434\u043e\u043b\u0436\u0435\u043d \u0431\u044b\u0442\u044c \u0442\u0430\u043c \u043a\u043e\u0433\u0434\u0430 \u0432\u043e\u0442 \u0442\u043e \u0435\u0441\u0442\u044c \u043e\u043d \u043a\u0430\u043a \u0437\u0430\u0432\u0430\u0440\u043a\u0430 \u043e\u0431\u044b\u0447\u043d\u043e\u0433\u043e \u0442\u0430\u043a\u043e\u0433\u043e \u043d\u0435\u0442\u0443 \u0447\u0442\u043e \u0431\u0443\u0434\u0435\u0442 \u0431\u0435\u0437 \u044d\u0442\u043e\u0439 \u0448\u0442\u0443\u043a\u0438 \u0431\u044b\u043b \u043e\u0431\u044b\u0447\u043d\u0443\u044e \u0432\u043e\u0434\u0443 \u043a\u0438\u043f\u044f\u0442\u0438\u0442\u044c \u043a\u0430\u043a \u0447\u0430\u0439\u043d\u0438\u043a \u043e\u0431\u044b\u0447\u043d\u043e \u043d\u0435\u0442 \u043d\u0435\u0442 \u043c\u043d\u0435 \u043f\u0440\u043e\u0437\u0440\u0430\u0447\u043d\u043e \u043d\u0430 \u0442\u043e \u0447\u0442\u043e \u043d\u0430 \u0441\u0430\u0439\u0442\u0435 \u0441\u043c\u043e\u0442\u0440\u044e \u043e\u043d\u0438 \u0432\u0441\u0435 \u0434\u0443\u0445\u0438 \u043a\u0430\u043a \u0433\u043e\u0432\u043e\u0440\u0438\u0442\u0441\u044f \u043d\u0430 \u0441\u0442\u0435\u043a\u043b\u044f\u043d\u043d\u0443\u044e \u043b\u0430\u0434\u043d\u043e \u0441\u0435\u0439\u0447\u0430\u0441 \u043e\u043f\u0440\u0435\u0434\u0435\u043b\u0438\u043c\u0441\u044f \u0442\u043e\u0433\u0434\u0430 \u043f\u043e\u0434\u0443\u043c\u0430\u0435\u043c \u043b\u0430\u0434\u043d\u043e \u0441\u043f\u0430\u0441\u0438\u0431\u043e \u0447\u0442\u043e", "segments": [{"id": 0, "seek": 0, "start": 0.0, "end": 22.400000000000002, "text": " \u0430 \u043d\u0443 \u043f\u043e\u043d\u044f\u043b \u0430 \u0442\u0430\u043a \u043e\u043d \u0432\u0441\u0435\u0433\u0434\u0430 \u0434\u043e\u043b\u0436\u0435\u043d \u0431\u044b\u0442\u044c \u0442\u0430\u043c \u043a\u043e\u0433\u0434\u0430 \u0432\u043e\u0442 \u0442\u043e \u0435\u0441\u0442\u044c \u043e\u043d \u043a\u0430\u043a \u0437\u0430\u0432\u0430\u0440\u043a\u0430", "tokens": [50365, 2559, 13087, 37975, 2559, 2936, 5345, 19087, 25718, 11510, 8223, 8874, 5505, 4572, 5640, 5345, 3014, 13388, 2222, 2833, 51485], "temperature": 0.0, "avg_logprob": -0.39416605360964513, "compression_ratio": 1.7388535031847134, "no_speech_prob": 0.13219285011291504}, {"id": 1, "seek": 0, "start": 22.400000000000002, "end": 27.12, "text": " \u043e\u0431\u044b\u0447\u043d\u043e\u0433\u043e \u0442\u0430\u043a\u043e\u0433\u043e \u043d\u0435\u0442\u0443 \u0447\u0442\u043e \u0431\u0443\u0434\u0435\u0442 \u0431\u0435\u0437 \u044d\u0442\u043e\u0439 \u0448\u0442\u0443\u043a\u0438 \u0431\u044b\u043b \u043e\u0431\u044b\u0447\u043d\u0443\u044e \u0432\u043e\u0434\u0443 \u043a\u0438\u043f\u044f\u0442\u0438\u0442\u044c \u043a\u0430\u043a", "tokens": [51485, 32291, 4699, 31158, 9916, 585, 2143, 7306, 10969, 14907, 5941, 13549, 2241, 10059, 32291, 9882, 14545, 585, 981, 13306, 4558, 3258, 3014, 51721], "temperature": 0.0, "avg_logprob": -0.39416605360964513, "compression_ratio": 1.7388535031847134, "no_speech_prob": 0.13219285011291504}, {"id": 2, "seek": 2712, "start": 27.12, "end": 35.22, "text": " \u0447\u0430\u0439\u043d\u0438\u043a \u043e\u0431\u044b\u0447\u043d\u043e \u043d\u0435\u0442 \u043d\u0435\u0442 \u043c\u043d\u0435 \u043f\u0440\u043e\u0437\u0440\u0430\u0447\u043d\u043e \u043d\u0430 \u0442\u043e \u0447\u0442\u043e \u043d\u0430 \u0441\u0430\u0439\u0442\u0435 \u0441\u043c\u043e\u0442\u0440\u044e \u043e\u043d\u0438 \u0432\u0441\u0435 \u0434\u0443\u0445\u0438 \u043a\u0430\u043a", "tokens": [50365, 1358, 3183, 9715, 41878, 9916, 9916, 8531, 1285, 3434, 3580, 10542, 1470, 4572, 2143, 1470, 776, 10330, 17726, 1148, 7515, 4640, 35535, 435, 3014, 50770], "temperature": 0.0, "avg_logprob": -0.3793323672547632, "compression_ratio": 1.7818181818181817, "no_speech_prob": 0.00011866415297845379}, {"id": 3, "seek": 2712, "start": 35.22, "end": 42.36, "text": " \u0433\u043e\u0432\u043e\u0440\u0438\u0442\u0441\u044f \u043d\u0430 \u0441\u0442\u0435\u043a\u043b\u044f\u043d\u043d\u0443\u044e \u043b\u0430\u0434\u043d\u043e \u0441\u0435\u0439\u0447\u0430\u0441 \u043e\u043f\u0440\u0435\u0434\u0435\u043b\u0438\u043c\u0441\u044f \u0442\u043e\u0433\u0434\u0430 \u043f\u043e\u0434\u0443\u043c\u0430\u0435\u043c \u043b\u0430\u0434\u043d\u043e \u0441\u043f\u0430\u0441\u0438\u0431\u043e", "tokens": [50770, 8180, 8254, 1470, 3266, 2872, 2873, 489, 9882, 44107, 10241, 39305, 32455, 21696, 38664, 7906, 44107, 37536, 51127], "temperature": 0.0, "avg_logprob": -0.3793323672547632, "compression_ratio": 1.7818181818181817, "no_speech_prob": 0.00011866415297845379}, {"id": 4, "seek": 2712, "start": 42.36, "end": 44.56, "text": " \u0447\u0442\u043e", "tokens": [51127, 2143, 51237], "temperature": 0.0, "avg_logprob": -0.3793323672547632, "compression_ratio": 1.7818181818181817, "no_speech_prob": 0.00011866415297845379}], "language": "Russian"}