{"text": " \u0417\u0434\u0440\u0430\u0432\u0441\u0442\u0432\u0443\u0439\u0442\u0435. \u0417\u0434\u0440\u0430\u0432\u0441\u0442\u0432\u0443\u0439\u0442\u0435. \u0423 \u043c\u0435\u043d\u044f \u0435\u0441\u0442\u044c \u0431\u043e\u043d\u0443\u0441. \u042f \u043f\u0440\u0438\u0435\u0445\u0430\u0442\u044c \u0441\u043c\u043e\u0433\u0443 \u0442\u043e\u043b\u044c\u043a\u043e \u0432 \u0441\u043b\u0435\u0434\u0443\u044e\u0449\u0438\u0439 \u0432\u0442\u043e\u0440\u043d\u0438\u043a. \u042f \u0437\u0430\u043a\u0430\u0437\u0430\u043b\u0430, \u0430 \u0443 \u043c\u0435\u043d\u044f... \u0410 \u044f \u0443\u043b\u0435\u0442\u0430\u044e \u0432 \u0421\u043e\u0447\u0438. \u041c\u043d\u0435 \u043a\u0430\u0436\u0435\u0442\u0441\u044f, \u044f \u043d\u0435 \u0443\u0441\u043f\u0435\u044e \u0437\u0430\u0431\u0440\u0430\u0442\u044c \u0441\u0435\u0433\u043e\u0434\u043d\u044f \u0443\u0436\u0435. \u041d\u0443 \u0434\u0430, \u043a\u0443\u043f\u0438\u0442\u044c-\u0442\u043e \u044f \u043a\u0443\u043f\u043b\u044e, \u043d\u043e \u043f\u0440\u043e\u0441\u0442\u043e \u0443\u043b\u0435\u0442\u0430\u044e \u0435\u0449\u0435. \u041d\u0443 \u0434\u0430\u0432\u0430\u0439\u0442\u0435. \u0425\u043e\u0440\u043e\u0448\u043e, \u044f \u0441\u0440\u0430\u0437\u0443 \u043f\u0440\u0438\u0435\u0434\u0443, \u043a\u0443\u043f\u043b\u044e. \u0412\u0441\u0435. \u0411\u043e\u043d\u0443\u0441\u044b \u043d\u0435 \u043f\u043e\u0442\u0435\u0440\u044f\u044e\u0442\u0441\u044f, \u043d\u0438\u0447\u0435\u0433\u043e? \u0410, \u0432\u0441\u0435, \u0441\u043f\u0430\u0441\u0438\u0431\u043e.", "segments": [{"id": 0, "seek": 0, "start": 0.0, "end": 5.44, "text": " \u0417\u0434\u0440\u0430\u0432\u0441\u0442\u0432\u0443\u0439\u0442\u0435.", "tokens": [50365, 17613, 36359, 13, 50637], "temperature": 0.0, "avg_logprob": -0.29565270306312874, "compression_ratio": 1.668421052631579, "no_speech_prob": 0.24662651121616364}, {"id": 1, "seek": 0, "start": 5.44, "end": 5.48, "text": " \u0417\u0434\u0440\u0430\u0432\u0441\u0442\u0432\u0443\u0439\u0442\u0435.", "tokens": [50637, 17613, 36359, 13, 50639], "temperature": 0.0, "avg_logprob": -0.29565270306312874, "compression_ratio": 1.668421052631579, "no_speech_prob": 0.24662651121616364}, {"id": 2, "seek": 0, "start": 15.280000000000001, "end": 17.06, "text": " \u0423 \u043c\u0435\u043d\u044f \u0435\u0441\u0442\u044c \u0431\u043e\u043d\u0443\u0441.", "tokens": [51129, 6523, 6885, 5640, 1268, 1784, 7071, 13, 51218], "temperature": 0.0, "avg_logprob": -0.29565270306312874, "compression_ratio": 1.668421052631579, "no_speech_prob": 0.24662651121616364}, {"id": 3, "seek": 0, "start": 17.42, "end": 21.06, "text": " \u042f \u043f\u0440\u0438\u0435\u0445\u0430\u0442\u044c \u0441\u043c\u043e\u0433\u0443 \u0442\u043e\u043b\u044c\u043a\u043e \u0432 \u0441\u043b\u0435\u0434\u0443\u044e\u0449\u0438\u0439 \u0432\u0442\u043e\u0440\u043d\u0438\u043a.", "tokens": [51236, 4857, 38567, 2209, 32139, 585, 9008, 740, 26045, 6251, 19823, 9715, 13, 51418], "temperature": 0.0, "avg_logprob": -0.29565270306312874, "compression_ratio": 1.668421052631579, "no_speech_prob": 0.24662651121616364}, {"id": 4, "seek": 0, "start": 21.14, "end": 23.64, "text": " \u042f \u0437\u0430\u043a\u0430\u0437\u0430\u043b\u0430, \u0430 \u0443 \u043c\u0435\u043d\u044f...", "tokens": [51422, 4857, 10264, 1990, 6232, 11, 2559, 1595, 6885, 485, 51547], "temperature": 0.0, "avg_logprob": -0.29565270306312874, "compression_ratio": 1.668421052631579, "no_speech_prob": 0.24662651121616364}, {"id": 5, "seek": 0, "start": 23.64, "end": 25.16, "text": " \u0410 \u044f \u0443\u043b\u0435\u0442\u0430\u044e \u0432 \u0421\u043e\u0447\u0438.", "tokens": [51547, 3450, 2552, 1595, 24997, 3776, 740, 2933, 4492, 435, 13, 51623], "temperature": 0.0, "avg_logprob": -0.29565270306312874, "compression_ratio": 1.668421052631579, "no_speech_prob": 0.24662651121616364}, {"id": 6, "seek": 0, "start": 25.400000000000002, "end": 28.12, "text": " \u041c\u043d\u0435 \u043a\u0430\u0436\u0435\u0442\u0441\u044f, \u044f \u043d\u0435 \u0443\u0441\u043f\u0435\u044e \u0437\u0430\u0431\u0440\u0430\u0442\u044c \u0441\u0435\u0433\u043e\u0434\u043d\u044f \u0443\u0436\u0435.", "tokens": [51635, 23204, 26147, 11, 2552, 1725, 23944, 387, 1148, 13890, 30260, 17413, 7520, 13, 51771], "temperature": 0.0, "avg_logprob": -0.29565270306312874, "compression_ratio": 1.668421052631579, "no_speech_prob": 0.24662651121616364}, {"id": 7, "seek": 2812, "start": 28.12, "end": 40.44, "text": " \u041d\u0443 \u0434\u0430, \u043a\u0443\u043f\u0438\u0442\u044c-\u0442\u043e \u044f \u043a\u0443\u043f\u043b\u044e, \u043d\u043e \u043f\u0440\u043e\u0441\u0442\u043e \u0443\u043b\u0435\u0442\u0430\u044e \u0435\u0449\u0435.", "tokens": [50365, 7571, 8995, 11, 25078, 3258, 12, 860, 2552, 25078, 6578, 11, 6035, 8221, 1595, 24997, 3776, 9910, 13, 50981], "temperature": 0.0, "avg_logprob": -0.3146543820699056, "compression_ratio": 1.496969696969697, "no_speech_prob": 0.0006878270651213825}, {"id": 8, "seek": 2812, "start": 48.72, "end": 51.74, "text": " \u041d\u0443 \u0434\u0430\u0432\u0430\u0439\u0442\u0435. \u0425\u043e\u0440\u043e\u0448\u043e, \u044f \u0441\u0440\u0430\u0437\u0443 \u043f\u0440\u0438\u0435\u0434\u0443, \u043a\u0443\u043f\u043b\u044e.", "tokens": [51395, 7571, 30412, 13, 37564, 11, 2552, 22014, 5082, 2229, 585, 11, 25078, 6578, 13, 51546], "temperature": 0.0, "avg_logprob": -0.3146543820699056, "compression_ratio": 1.496969696969697, "no_speech_prob": 0.0006878270651213825}, {"id": 9, "seek": 2812, "start": 52.06, "end": 53.88, "text": " \u0412\u0441\u0435. \u0411\u043e\u043d\u0443\u0441\u044b \u043d\u0435 \u043f\u043e\u0442\u0435\u0440\u044f\u044e\u0442\u0441\u044f, \u043d\u0438\u0447\u0435\u0433\u043e?", "tokens": [51562, 18029, 13, 5697, 1784, 7071, 698, 1725, 39363, 681, 21816, 11, 16630, 30, 51653], "temperature": 0.0, "avg_logprob": -0.3146543820699056, "compression_ratio": 1.496969696969697, "no_speech_prob": 0.0006878270651213825}, {"id": 10, "seek": 2812, "start": 53.88, "end": 56.74, "text": " \u0410, \u0432\u0441\u0435, \u0441\u043f\u0430\u0441\u0438\u0431\u043e.", "tokens": [51653, 3450, 11, 4640, 11, 37536, 13, 51796], "temperature": 0.0, "avg_logprob": -0.3146543820699056, "compression_ratio": 1.496969696969697, "no_speech_prob": 0.0006878270651213825}], "language": "Russian"}