{"text": " \u0434\u043e\u0431\u0440\u044b\u0439 \u0434\u0435\u043d\u044c \u043e\u0441\u0442\u0430\u0432\u043b\u044f\u043b ipad \u043d\u0430 \u0440\u0435\u043c\u043e\u043d\u0442 \u043f\u0430\u0440\u0443 \u043d\u0435\u0434\u0435\u043b\u044c \u043d\u0430\u0437\u0430\u0434 \u0443\u0436\u0435 \u0441\u043e\u0437\u0432\u0430\u043d\u0438\u0432\u0430\u043b\u0441\u044f \u0433\u043e\u0432\u043e\u0440\u0438\u043b\u0438 \u043e \u0442\u043e\u043c \u0447\u0442\u043e \u0442\u0430\u043c \u043f\u043e\u0442\u0440\u0435\u0431\u0443\u0435\u0442\u0441\u044f \u043f\u0435\u0440\u0435\u043f\u0430\u044f\u0442\u044c \u043f\u043b\u0430\u0442\u0443 \u044f \u0442\u0430\u043a \u043f\u043e\u043d\u0438\u043c\u0430\u044e \u0438 \u043d\u0430 \u0441\u0430\u043c\u0430\u0440\u0441\u043a\u043e\u0439 \u0432\u043e\u043f\u0440\u043e\u0441 \u043e \u0433\u043e\u0442\u043e\u0432\u043d\u043e\u0441\u0442\u0438 \u043f\u043e\u0442\u043e\u043c\u0443 \u0447\u0442\u043e \u0442\u0430\u043c \u0431\u044b\u043b \u0442\u0430\u043a\u043e\u0439 \u043d\u0435 \u0441\u043a\u0430\u0437\u0430\u043b\u0438 \u0441\u043b\u043e\u0436\u043d\u044b\u0439 \u0440\u0435\u043c\u043e\u043d\u0442 \u0438 \u043c\u043e\u0436\u0435\u0442 \u0431\u044b\u0442\u044c \u0438 \u043d\u0435 \u043f\u043e\u043b\u0443\u0447\u0438\u0442\u0441\u044f \u043d\u043e \u0438 \u0432\u0440\u0435\u043c\u0435\u043d\u0438 \u0434\u043e\u043b\u0433\u043e \u0437\u0430\u0439\u043c\u0435\u0442 \u043d\u043e \u0432\u0440\u043e\u0434\u0435 \u0443\u0436\u0435 \u043f\u0440\u043e\u0448\u043b\u043e \u043f\u0430\u0440\u0443 \u043d\u0435\u0434\u0435\u043b\u044c \u0434\u043e \u0445\u043e\u0440\u043e\u0448\u043e \u0441\u043f\u0430\u0441\u0438\u0431\u043e", "segments": [{"id": 0, "seek": 0, "start": 0.0, "end": 9.84, "text": " \u0434\u043e\u0431\u0440\u044b\u0439 \u0434\u0435\u043d\u044c \u043e\u0441\u0442\u0430\u0432\u043b\u044f\u043b ipad \u043d\u0430 \u0440\u0435\u043c\u043e\u043d\u0442 \u043f\u0430\u0440\u0443 \u043d\u0435\u0434\u0435\u043b\u044c \u043d\u0430\u0437\u0430\u0434 \u0443\u0436\u0435 \u0441\u043e\u0437\u0432\u0430\u043d\u0438\u0432\u0430\u043b\u0441\u044f \u0433\u043e\u0432\u043e\u0440\u0438\u043b\u0438 \u043e", "tokens": [50365, 35620, 4851, 13509, 1000, 17560, 693, 28501, 345, 1470, 1475, 35786, 403, 44163, 15704, 3908, 28724, 7520, 14729, 45593, 2739, 13340, 8180, 5435, 1000, 50857], "temperature": 0.0, "avg_logprob": -0.16747091876135933, "compression_ratio": 1.8583690987124464, "no_speech_prob": 0.16588756442070007}, {"id": 1, "seek": 0, "start": 9.84, "end": 18.240000000000002, "text": " \u0442\u043e\u043c \u0447\u0442\u043e \u0442\u0430\u043c \u043f\u043e\u0442\u0440\u0435\u0431\u0443\u0435\u0442\u0441\u044f \u043f\u0435\u0440\u0435\u043f\u0430\u044f\u0442\u044c \u043f\u043b\u0430\u0442\u0443 \u044f \u0442\u0430\u043a \u043f\u043e\u043d\u0438\u043c\u0430\u044e \u0438 \u043d\u0430 \u0441\u0430\u043c\u0430\u0440\u0441\u043a\u043e\u0439", "tokens": [50857, 13294, 2143, 8223, 40529, 37479, 48702, 4251, 1283, 9283, 29771, 2552, 2936, 35112, 1006, 1470, 5602, 2222, 17360, 51277], "temperature": 0.0, "avg_logprob": -0.16747091876135933, "compression_ratio": 1.8583690987124464, "no_speech_prob": 0.16588756442070007}, {"id": 2, "seek": 0, "start": 18.240000000000002, "end": 29.080000000000002, "text": " \u0432\u043e\u043f\u0440\u043e\u0441 \u043e \u0433\u043e\u0442\u043e\u0432\u043d\u043e\u0441\u0442\u0438 \u043f\u043e\u0442\u043e\u043c\u0443 \u0447\u0442\u043e \u0442\u0430\u043c \u0431\u044b\u043b \u0442\u0430\u043a\u043e\u0439 \u043d\u0435 \u0441\u043a\u0430\u0437\u0430\u043b\u0438 \u0441\u043b\u043e\u0436\u043d\u044b\u0439 \u0440\u0435\u043c\u043e\u043d\u0442 \u0438 \u043c\u043e\u0436\u0435\u0442 \u0431\u044b\u0442\u044c \u0438 \u043d\u0435", "tokens": [51277, 17611, 1000, 17137, 13975, 11919, 2143, 8223, 10059, 13452, 1725, 10867, 4071, 30858, 4441, 1475, 35786, 403, 1006, 8689, 11510, 1006, 1725, 51819], "temperature": 0.0, "avg_logprob": -0.16747091876135933, "compression_ratio": 1.8583690987124464, "no_speech_prob": 0.16588756442070007}, {"id": 3, "seek": 2908, "start": 29.08, "end": 36.94, "text": " \u043f\u043e\u043b\u0443\u0447\u0438\u0442\u0441\u044f \u043d\u043e \u0438 \u0432\u0440\u0435\u043c\u0435\u043d\u0438 \u0434\u043e\u043b\u0433\u043e \u0437\u0430\u0439\u043c\u0435\u0442 \u043d\u043e \u0432\u0440\u043e\u0434\u0435 \u0443\u0436\u0435 \u043f\u0440\u043e\u0448\u043b\u043e \u043f\u0430\u0440\u0443 \u043d\u0435\u0434\u0435\u043b\u044c \u0434\u043e \u0445\u043e\u0440\u043e\u0448\u043e \u0441\u043f\u0430\u0441\u0438\u0431\u043e", "tokens": [50365, 49579, 6035, 1006, 26436, 37515, 40133, 23218, 6035, 41079, 7520, 20567, 4610, 44163, 15704, 3908, 5865, 16977, 37536, 50758], "temperature": 0.0, "avg_logprob": -0.19194053468250094, "compression_ratio": 1.4181818181818182, "no_speech_prob": 5.475387297337875e-05}], "language": "Russian"}