{"text": " \u0414\u043e\u0431\u0440\u044b\u0439 \u0434\u0435\u043d\u044c, \u043c\u0430\u0433\u0430\u0437\u0438\u043d IceCase. \u041c\u0435\u043d\u044f \u0437\u043e\u0432\u0443\u0442 \u0410\u043b\u0435\u043a\u0441\u0430\u043d\u0434\u0440. \u0427\u0435\u043c\u0443 \u043f\u043e\u043c\u043e\u0447\u044c? \u0412\u0430\u043c \u0432 \u0438\u043d\u0442\u0435\u0440\u043d\u0435\u0442\u0435 \u0447\u0442\u043e-\u0442\u043e \u043f\u0435\u0440\u0435\u0434\u0430\u0435\u0442\u0441\u044f \u0441 \u044d\u0442\u043e\u0433\u043e \u043f\u043e\u043a\u043e\u043b\u0435\u043d\u0438\u044f? \u0412 \u043a\u0430\u043a\u043e\u0439 \u043c\u0430\u0433\u0430\u0437\u0438\u043d \u043e\u0431\u0440\u0430\u0449\u0430\u043b\u0438\u0441\u044c? \u041d\u0430 \u0421\u0430\u043c\u0430\u0440\u0441\u043a\u043e\u0439. \u0422\u0430\u043a, \u0430 \u043a\u0430\u043a\u043e\u0439 \u0432\u043e\u043f\u0440\u043e\u0441? \u042f \u043d\u0435 \u0437\u043d\u0430\u044e, \u0447\u0442\u043e \u044d\u0442\u043e \u043d\u0430 \u0441\u0435\u0431\u044f \u043d\u0430\u0434\u043e. \u042f \u0432\u043e\u0442 \u043f\u043e\u043d\u044f\u043b. \u0425\u043e\u0440\u043e\u0448\u043e, \u0430 \u0436\u0434\u0430\u0442\u044c \u0432\u0430\u043c \u0441\u0435\u0439\u0447\u0430\u0441 \u043f\u0435\u0440\u0435\u0437\u0432\u043e\u043d\u044f\u0442? \u0414\u043e \u0441\u0432\u0438\u0434\u0430\u043d\u0438\u044f.", "segments": [{"id": 0, "seek": 0, "start": 0.0, "end": 2.46, "text": " \u0414\u043e\u0431\u0440\u044b\u0439 \u0434\u0435\u043d\u044c, \u043c\u0430\u0433\u0430\u0437\u0438\u043d IceCase. \u041c\u0435\u043d\u044f \u0437\u043e\u0432\u0443\u0442 \u0410\u043b\u0435\u043a\u0441\u0430\u043d\u0434\u0440. \u0427\u0435\u043c\u0443 \u043f\u043e\u043c\u043e\u0447\u044c?", "tokens": [50365, 3401, 13829, 4851, 13509, 11, 39771, 2599, 15332, 34, 651, 13, 47311, 46376, 44938, 481, 13, 7099, 8339, 8613, 27497, 30, 50488], "temperature": 0.0, "avg_logprob": -0.48720396017726464, "compression_ratio": 1.5738396624472575, "no_speech_prob": 0.16177941858768463}, {"id": 1, "seek": 0, "start": 12.9, "end": 15.56, "text": " \u0412\u0430\u043c \u0432 \u0438\u043d\u0442\u0435\u0440\u043d\u0435\u0442\u0435 \u0447\u0442\u043e-\u0442\u043e \u043f\u0435\u0440\u0435\u0434\u0430\u0435\u0442\u0441\u044f \u0441 \u044d\u0442\u043e\u0433\u043e \u043f\u043e\u043a\u043e\u043b\u0435\u043d\u0438\u044f?", "tokens": [51010, 43670, 740, 12073, 489, 10524, 2143, 12, 860, 15621, 6970, 776, 10751, 7240, 1227, 5332, 30, 51143], "temperature": 0.0, "avg_logprob": -0.48720396017726464, "compression_ratio": 1.5738396624472575, "no_speech_prob": 0.16177941858768463}, {"id": 2, "seek": 0, "start": 15.620000000000001, "end": 16.62, "text": " \u0412 \u043a\u0430\u043a\u043e\u0439 \u043c\u0430\u0433\u0430\u0437\u0438\u043d \u043e\u0431\u0440\u0430\u0449\u0430\u043b\u0438\u0441\u044c?", "tokens": [51146, 2348, 16898, 39771, 2599, 3348, 18747, 15020, 30, 51196], "temperature": 0.0, "avg_logprob": -0.48720396017726464, "compression_ratio": 1.5738396624472575, "no_speech_prob": 0.16177941858768463}, {"id": 3, "seek": 0, "start": 18.52, "end": 19.66, "text": " \u041d\u0430 \u0421\u0430\u043c\u0430\u0440\u0441\u043a\u043e\u0439.", "tokens": [51291, 11245, 31152, 2222, 17360, 13, 51348], "temperature": 0.0, "avg_logprob": -0.48720396017726464, "compression_ratio": 1.5738396624472575, "no_speech_prob": 0.16177941858768463}, {"id": 4, "seek": 0, "start": 20.32, "end": 21.28, "text": " \u0422\u0430\u043a, \u0430 \u043a\u0430\u043a\u043e\u0439 \u0432\u043e\u043f\u0440\u043e\u0441?", "tokens": [51381, 8770, 11, 2559, 16898, 17611, 30, 51429], "temperature": 0.0, "avg_logprob": -0.48720396017726464, "compression_ratio": 1.5738396624472575, "no_speech_prob": 0.16177941858768463}, {"id": 5, "seek": 0, "start": 25.28, "end": 26.96, "text": " \u042f \u043d\u0435 \u0437\u043d\u0430\u044e, \u0447\u0442\u043e \u044d\u0442\u043e \u043d\u0430 \u0441\u0435\u0431\u044f \u043d\u0430\u0434\u043e.", "tokens": [51629, 4857, 1725, 16315, 11, 2143, 2691, 1470, 15403, 13256, 13, 51713], "temperature": 0.0, "avg_logprob": -0.48720396017726464, "compression_ratio": 1.5738396624472575, "no_speech_prob": 0.16177941858768463}, {"id": 6, "seek": 3000, "start": 30.0, "end": 33.28, "text": " \u042f \u0432\u043e\u0442 \u043f\u043e\u043d\u044f\u043b.", "tokens": [50365, 4857, 5505, 37975, 13, 50529], "temperature": 0.0, "avg_logprob": -0.4008471524273908, "compression_ratio": 1.163265306122449, "no_speech_prob": 0.0032220904249697924}, {"id": 7, "seek": 3000, "start": 34.08, "end": 35.54, "text": " \u0425\u043e\u0440\u043e\u0448\u043e, \u0430 \u0436\u0434\u0430\u0442\u044c \u0432\u0430\u043c \u0441\u0435\u0439\u0447\u0430\u0441 \u043f\u0435\u0440\u0435\u0437\u0432\u043e\u043d\u044f\u0442?", "tokens": [50569, 37564, 11, 2559, 27020, 2209, 10448, 10241, 4321, 3634, 39672, 4558, 30, 50642], "temperature": 0.0, "avg_logprob": -0.4008471524273908, "compression_ratio": 1.163265306122449, "no_speech_prob": 0.0032220904249697924}, {"id": 8, "seek": 3000, "start": 37.480000000000004, "end": 38.18, "text": " \u0414\u043e \u0441\u0432\u0438\u0434\u0430\u043d\u0438\u044f.", "tokens": [50739, 31695, 43666, 8831, 13, 50774], "temperature": 0.0, "avg_logprob": -0.4008471524273908, "compression_ratio": 1.163265306122449, "no_speech_prob": 0.0032220904249697924}], "language": "Russian"}