{"text": " \u0437\u0434\u0440\u0430\u0432\u0441\u0442\u0432\u0443\u0439\u0442\u0435 \u0432\u044b \u0440\u0435\u043c\u043e\u043d\u0442\u0438\u0440\u0443\u0435\u0442\u0435 iphone \u044d\u0442\u043e \u043f\u0440\u0430\u0432\u0438\u043b\u044c\u043d\u043e \u044f \u043f\u0440\u0430\u0432\u0438\u043b\u044c\u043d\u043e \u043f\u043e\u043f\u0430\u043b 10 \u043f\u043b\u044e\u0441 iphone \u0443\u0440\u043e\u043d\u0438\u043b \u0438\u0437 \u0441\u0442\u0435\u043a\u043b\u043e \u0434\u0440\u0435\u0431\u0435\u0437\u0433\u0438 \u043c\u0430\u043d\u0443\u0435\u043b \u043f\u043e\u043c\u0435\u043d\u044f\u0442\u044c \u0441\u043b\u044d\u043a 500 \u0434\u043e 7 500 \u043e\u0440\u0438\u0433\u0438\u043d\u0430\u043b \u0431\u0443\u0434\u0435\u0442 \u043e\u0440\u0438\u0433\u0438\u043d\u0430\u043b \u0441\u043a\u043e\u043b\u044c\u043a\u043e \u0441\u0442\u043e\u0438\u0442 \u0441\u043f\u0430\u0441\u0438\u0431\u043e", "segments": [{"id": 0, "seek": 0, "start": 0.0, "end": 7.68, "text": " \u0437\u0434\u0440\u0430\u0432\u0441\u0442\u0432\u0443\u0439\u0442\u0435 \u0432\u044b \u0440\u0435\u043c\u043e\u043d\u0442\u0438\u0440\u0443\u0435\u0442\u0435 iphone \u044d\u0442\u043e \u043f\u0440\u0430\u0432\u0438\u043b\u044c\u043d\u043e \u044f \u043f\u0440\u0430\u0432\u0438\u043b\u044c\u043d\u043e \u043f\u043e\u043f\u0430\u043b", "tokens": [50365, 7608, 36359, 2840, 1475, 35786, 3396, 2711, 10524, 28501, 6487, 2691, 39321, 2552, 39321, 10694, 1218, 50749], "temperature": 0.0, "avg_logprob": -0.38061797618865967, "compression_ratio": 1.5374149659863945, "no_speech_prob": 0.3307514786720276}, {"id": 1, "seek": 0, "start": 7.68, "end": 15.32, "text": " 10 \u043f\u043b\u044e\u0441 iphone \u0443\u0440\u043e\u043d\u0438\u043b \u0438\u0437 \u0441\u0442\u0435\u043a\u043b\u043e \u0434\u0440\u0435\u0431\u0435\u0437\u0433\u0438 \u043c\u0430\u043d\u0443\u0435\u043b \u043f\u043e\u043c\u0435\u043d\u044f\u0442\u044c", "tokens": [50749, 1266, 43342, 28501, 6487, 1595, 23753, 2338, 3943, 3266, 2872, 4610, 37928, 3749, 3634, 15599, 1084, 1416, 585, 1414, 8613, 1008, 8773, 51131], "temperature": 0.0, "avg_logprob": -0.38061797618865967, "compression_ratio": 1.5374149659863945, "no_speech_prob": 0.3307514786720276}, {"id": 2, "seek": 0, "start": 15.32, "end": 19.98, "text": " \u0441\u043b\u044d\u043a", "tokens": [51131, 4766, 7570, 755, 51364], "temperature": 0.0, "avg_logprob": -0.38061797618865967, "compression_ratio": 1.5374149659863945, "no_speech_prob": 0.3307514786720276}, {"id": 3, "seek": 3000, "start": 30.0, "end": 38.04, "text": " 500 \u0434\u043e 7 500 \u043e\u0440\u0438\u0433\u0438\u043d\u0430\u043b \u0431\u0443\u0434\u0435\u0442", "tokens": [50365, 5923, 5865, 1614, 5923, 1000, 41187, 2599, 1218, 7306, 50767], "temperature": 0.0, "avg_logprob": -0.4269789405491041, "compression_ratio": 1.2820512820512822, "no_speech_prob": 0.0014540352858603}, {"id": 4, "seek": 3000, "start": 38.04, "end": 45.42, "text": " \u043e\u0440\u0438\u0433\u0438\u043d\u0430\u043b \u0441\u043a\u043e\u043b\u044c\u043a\u043e \u0441\u0442\u043e\u0438\u0442", "tokens": [50767, 1000, 41187, 2599, 1218, 28838, 23675, 51136], "temperature": 0.0, "avg_logprob": -0.4269789405491041, "compression_ratio": 1.2820512820512822, "no_speech_prob": 0.0014540352858603}, {"id": 5, "seek": 3000, "start": 45.42, "end": 49.96, "text": " \u0441\u043f\u0430\u0441\u0438\u0431\u043e", "tokens": [51136, 37536, 51363], "temperature": 0.0, "avg_logprob": -0.4269789405491041, "compression_ratio": 1.2820512820512822, "no_speech_prob": 0.0014540352858603}], "language": "Russian"}