{"text": " \u0434\u043e\u0431\u0440\u044b\u0439 \u0434\u0435\u043d\u044c \u0441\u043a\u0430\u0436\u0438\u0442\u0435 \u0442\u0430\u043a\u043e\u0439 \u0432\u043e\u043f\u0440\u043e\u0441 \u0430\u043d\u0434\u0440\u043e\u0438\u0434\u044b \u0431\u0435\u0440\u0435\u0442\u0435 \u043d\u0430 \u0440\u0435\u043c\u043e\u043d\u0442 \u0442\u0430\u043a \u043f\u043e\u043d\u044f\u043b \u0432\u0441\u0435 \u0445\u043e\u0440\u043e\u0448\u043e \u0441\u043f\u0430\u0441\u0438\u0431\u043e", "segments": [{"id": 0, "seek": 0, "start": 0.0, "end": 9.3, "text": " \u0434\u043e\u0431\u0440\u044b\u0439 \u0434\u0435\u043d\u044c \u0441\u043a\u0430\u0436\u0438\u0442\u0435 \u0442\u0430\u043a\u043e\u0439 \u0432\u043e\u043f\u0440\u043e\u0441 \u0430\u043d\u0434\u0440\u043e\u0438\u0434\u044b \u0431\u0435\u0440\u0435\u0442\u0435 \u043d\u0430 \u0440\u0435\u043c\u043e\u043d\u0442", "tokens": [50365, 35620, 4851, 13509, 21938, 5878, 13452, 17611, 17086, 856, 9938, 3586, 698, 24562, 10524, 1470, 1475, 35786, 403, 50830], "temperature": 0.0, "avg_logprob": -0.2987729140690395, "compression_ratio": 1.424778761061947, "no_speech_prob": 0.15901844203472137}, {"id": 1, "seek": 0, "start": 9.3, "end": 14.52, "text": " \u0442\u0430\u043a \u043f\u043e\u043d\u044f\u043b \u0432\u0441\u0435 \u0445\u043e\u0440\u043e\u0448\u043e \u0441\u043f\u0430\u0441\u0438\u0431\u043e", "tokens": [50830, 2936, 37975, 4640, 16977, 37536, 51091], "temperature": 0.0, "avg_logprob": -0.2987729140690395, "compression_ratio": 1.424778761061947, "no_speech_prob": 0.15901844203472137}], "language": "Russian"}