{"text": " \u0414\u043e\u0431\u0440\u044b\u0439 \u0434\u0435\u043d\u044c, \u043c\u0430\u0433\u0430\u0437\u0438\u043d \u0410\u0439\u0447\u043f\u0438\u0441\u044c, \u043c\u0435\u043d\u044f \u0437\u043e\u0432\u0443\u0442 \u0418\u0433\u043d\u0430\u0442, \u0447\u0435\u043c \u043c\u043e\u0433\u0443 \u043f\u043e\u043c\u043e\u0447\u044c? \u041d\u0435\u0442, \u0443 \u043d\u0430\u0441 \u0440\u0435\u043c\u043e\u043d\u0442 \u0442\u043e\u043b\u044c\u043a\u043e \u0442\u0435\u0445\u043d\u0438\u043a\u0438 Apple. \u0414\u0430, \u043a\u043e\u043d\u0435\u0447\u043d\u043e.", "segments": [{"id": 0, "seek": 0, "start": 1.0, "end": 3.56, "text": " \u0414\u043e\u0431\u0440\u044b\u0439 \u0434\u0435\u043d\u044c, \u043c\u0430\u0433\u0430\u0437\u0438\u043d \u0410\u0439\u0447\u043f\u0438\u0441\u044c, \u043c\u0435\u043d\u044f \u0437\u043e\u0432\u0443\u0442 \u0418\u0433\u043d\u0430\u0442, \u0447\u0435\u043c \u043c\u043e\u0433\u0443 \u043f\u043e\u043c\u043e\u0447\u044c?", "tokens": [50415, 3401, 13829, 4851, 13509, 11, 39771, 2599, 3450, 1644, 753, 1354, 10363, 11, 6885, 46376, 3272, 1906, 1931, 403, 11, 12056, 22951, 8613, 27497, 30, 50543], "temperature": 0.0, "avg_logprob": -0.27669455607732135, "compression_ratio": 1.3181818181818181, "no_speech_prob": 0.11092882603406906}, {"id": 1, "seek": 0, "start": 9.6, "end": 11.74, "text": " \u041d\u0435\u0442, \u0443 \u043d\u0430\u0441 \u0440\u0435\u043c\u043e\u043d\u0442 \u0442\u043e\u043b\u044c\u043a\u043e \u0442\u0435\u0445\u043d\u0438\u043a\u0438 Apple.", "tokens": [50845, 21249, 11, 1595, 6519, 1475, 35786, 403, 9008, 16615, 18994, 6373, 13, 50952], "temperature": 0.0, "avg_logprob": -0.27669455607732135, "compression_ratio": 1.3181818181818181, "no_speech_prob": 0.11092882603406906}, {"id": 2, "seek": 0, "start": 15.26, "end": 16.28, "text": " \u0414\u0430, \u043a\u043e\u043d\u0435\u0447\u043d\u043e.", "tokens": [51128, 9149, 11, 15271, 13, 51179], "temperature": 0.0, "avg_logprob": -0.27669455607732135, "compression_ratio": 1.3181818181818181, "no_speech_prob": 0.11092882603406906}], "language": "Russian"}